City_ID,City,Country,Date,Lat,Lng,Max Temp,Humidity,Cloudiness,Wind Speed
0,Hithadhoo,MV,2021-03-27 02:29:53,-0.6,73.0833,82.76,72,9,9.35
1,Klaksvik,FO,2021-03-27 02:24:52,62.2266,-6.589,37.4,38,75,25.32
2,Ponta Do Sol,PT,2021-03-27 02:34:06,32.6667,-17.1,64.4,88,40,9.22
3,Jamestown,US,2021-03-27 02:30:08,42.097,-79.2353,42.01,87,90,5.26
4,Saint-Philippe,RE,2021-03-27 02:34:06,-21.3585,55.7679,75.2,73,58,5.75
5,Pisco,PE,2021-03-27 02:24:32,-13.7,-76.2167,68.0,77,0,10.36
6,Port Alfred,ZA,2021-03-27 02:34:06,-33.5906,26.891,67.53,84,81,18.1
7,Moose Factory,CA,2021-03-27 02:34:07,51.2585,-80.6094,6.8,85,1,6.91
8,Chuy,UY,2021-03-27 02:34:07,-33.6971,-53.4616,68.79,95,100,2.19
9,Punta Arenas,CL,2021-03-27 02:34:07,-53.15,-70.9167,48.2,76,75,10.36
10,Busselton,AU,2021-03-27 02:31:20,-33.65,115.3333,72.0,54,32,1.01
11,Svarstad,NO,2021-03-27 02:34:08,59.399,9.9698,42.01,1,100,5.99
12,Paracatu,BR,2021-03-27 02:34:08,-17.2222,-46.8747,66.76,70,39,0.63
13,Dikson,RU,2021-03-27 02:19:32,73.5069,80.5464,-7.78,99,100,10.33
14,Sorland,NO,2021-03-27 02:24:14,67.667,12.6934,40.68,80,100,14.92
15,Port Elizabeth,ZA,2021-03-27 02:34:08,-33.918,25.5701,66.2,72,0,16.11
16,Salvador,SV,2021-03-27 02:34:09,13.8333,-88.9167,77.0,78,0,2.3
17,Cape Town,ZA,2021-03-27 02:31:27,-33.9258,18.4232,64.0,94,75,2.3
18,Coihaique,CL,2021-03-27 02:23:33,-45.5752,-72.0662,51.8,82,40,2.3
19,Atar,MR,2021-03-27 02:34:09,20.5169,-13.0499,75.88,18,4,7.09
20,Goderich,CA,2021-03-27 02:26:21,43.7501,-81.7165,37.4,81,47,3.44
21,Hermanus,ZA,2021-03-27 02:34:09,-34.4187,19.2345,62.01,93,100,10.09
22,Dudinka,RU,2021-03-27 02:25:56,69.4058,86.1778,20.55,94,100,10.16
23,San Ignacio,BZ,2021-03-27 02:33:28,17.1561,-89.0714,82.4,69,0,6.91
24,Krasnoselkup,RU,2021-03-27 02:25:24,65.7,82.4667,8.91,94,28,11.03
25,Manoel Urbano,BR,2021-03-27 02:34:10,-8.8389,-69.2597,72.81,94,10,2.26
26,Ushuaia,AR,2021-03-27 02:34:10,-54.8,-68.3,46.4,66,75,3.44
27,Zaria,NG,2021-03-27 02:34:11,11.1113,7.7227,70.03,13,18,13.04
28,Leh,IN,2021-03-27 02:25:14,34.1667,77.5833,36.12,46,97,4.83
29,Bredasdorp,ZA,2021-03-27 02:34:11,-34.5322,20.0403,60.8,94,100,9.22
30,Caravelas,BR,2021-03-27 02:34:11,-17.7125,-39.2481,73.63,81,0,3.71
31,Carballo,ES,2021-03-27 02:34:12,43.213,-8.691,39.99,100,0,2.3
32,Namwala,ZM,2021-03-27 02:34:12,-15.7504,26.4384,63.59,96,92,1.28
33,Mahibadhoo,MV,2021-03-27 02:34:12,3.7833,72.9667,82.13,77,95,13.22
34,Paamiut,GL,2021-03-27 02:24:25,61.994,-49.6678,-5.49,80,3,21.56
35,Manaus,BR,2021-03-27 02:34:13,-3.1019,-60.025,78.8,83,40,6.91
36,Tasiilaq,GL,2021-03-27 02:34:13,65.6145,-37.6368,6.8,56,90,9.22
37,Sao Filipe,CV,2021-03-27 02:34:13,14.8961,-24.4956,69.66,77,0,14.34
38,Souillac,MU,2021-03-27 02:24:29,-20.5167,57.5167,73.4,94,20,6.91
39,Subate,LV,2021-03-27 02:34:14,56.0062,25.9076,37.98,85,68,4.74
40,Saint George,US,2021-03-27 02:29:44,37.1041,-113.5841,55.99,26,1,18.41
41,Gigante,CO,2021-03-27 02:34:14,2.3868,-75.5453,68.43,89,100,3.24
42,Torbay,CA,2021-03-27 02:24:26,47.6666,-52.7314,33.01,93,90,16.11
43,Narsaq,GL,2021-03-27 02:24:29,60.9167,-46.05,6.8,40,75,12.66
44,Vuktyl,RU,2021-03-27 02:34:15,63.8567,57.3094,16.57,95,88,5.57
45,Itacare,BR,2021-03-27 02:34:15,-14.2775,-38.9967,75.2,94,20,3.44
46,Talara,PE,2021-03-27 02:34:15,-4.5772,-81.2719,71.85,80,94,10.38
47,Korla,CN,2021-03-27 02:34:15,41.7597,86.1469,58.78,27,100,9.89
48,Mar Del Plata,AR,2021-03-27 02:29:52,-38.0023,-57.5575,64.0,82,90,20.71
49,Nyzhni Sirohozy,UA,2021-03-27 02:34:16,46.8484,34.3804,34.21,91,18,6.96
50,Comodoro Rivadavia,AR,2021-03-27 02:25:38,-45.8667,-67.5,53.6,82,0,2.3
51,Kedougou,SN,2021-03-27 02:34:16,12.5579,-12.1743,82.15,16,0,2.46
52,Viransehir,TR,2021-03-27 02:34:17,37.2353,39.7631,35.69,89,28,10.47
53,Victoria,HK,2021-03-27 02:34:17,22.2855,114.1577,78.01,80,100,8.86
54,East London,ZA,2021-03-27 02:29:45,-33.0153,27.9116,69.93,76,81,18.41
55,Krasnoarmeysk,RU,2021-03-27 02:34:17,51.0239,45.6969,34.0,54,100,1.99
56,San Borja,BO,2021-03-27 02:34:18,-14.8167,-66.85,72.27,98,79,1.61
57,Sao Miguel Do Araguaia,BR,2021-03-27 02:34:18,-13.275,-50.1628,73.11,70,87,3.4
58,Saint-Louis,SN,2021-03-27 02:34:18,16.3333,-15.0,74.39,40,0,9.75
59,Muros,ES,2021-03-27 02:24:34,42.7762,-9.0603,41.0,93,0,10.2
60,Upernavik,GL,2021-03-27 02:24:47,72.7868,-56.1549,-33.29,80,3,4.47
61,Salalah,OM,2021-03-27 02:34:19,17.0151,54.0924,73.4,27,0,3.44
62,Treinta Y Tres,UY,2021-03-27 02:34:19,-33.2333,-54.3833,68.25,96,87,5.75
63,Gunjur,GM,2021-03-27 02:34:19,13.2019,-16.7339,73.4,64,0,6.91
64,Burgeo,CA,2021-03-27 02:24:39,47.6167,-57.6152,35.4,96,100,21.99
65,Puri,IN,2021-03-27 02:30:28,19.8,85.85,80.6,78,40,2.3
66,Kedgwick,CA,2021-03-27 02:34:20,47.6446,-67.3434,27.07,95,100,13.87
67,Castro,BR,2021-03-27 02:20:44,-24.7911,-50.0119,65.05,90,55,1.61
68,Kavaratti,IN,2021-03-27 02:22:07,10.5669,72.642,82.87,74,100,2.15
69,Tres Arroyos,AR,2021-03-27 02:34:20,-38.3739,-60.2798,58.68,81,100,13.53
70,Kozhva,RU,2021-03-27 02:34:21,65.1073,57.0459,14.05,95,68,5.97
71,Dindori,IN,2021-03-27 02:34:21,22.95,81.0833,84.36,10,0,2.62
72,Walvis Bay,NA,2021-03-27 02:24:30,-22.9575,14.5053,61.0,94,15,2.3
73,Koslan,RU,2021-03-27 02:34:21,63.4564,48.8989,18.19,98,89,2.77
74,Bougouni,ML,2021-03-27 02:34:22,11.417,-7.479,77.99,15,10,4.83
75,Trelew,AR,2021-03-27 02:30:46,-43.249,-65.3051,58.51,62,55,7.29
76,Carnarvon,AU,2021-03-27 02:25:23,-24.8667,113.6333,82.4,51,95,11.5
77,Sisimiut,GL,2021-03-27 02:34:22,66.9395,-53.6735,-11.88,95,67,10.96
78,Faya,SA,2021-03-27 02:34:22,18.3851,42.4509,60.8,63,0,1.95
79,Turukhansk,RU,2021-03-27 02:21:15,65.8167,87.9833,26.01,96,100,13.89
80,Tera,NE,2021-03-27 02:34:23,14.0078,0.7531,78.6,12,0,14.74
81,Tauberbischofsheim,DE,2021-03-27 02:34:23,49.6247,9.6628,50.0,73,100,5.01
82,Monte Alegre De Minas,BR,2021-03-27 02:34:23,-18.8706,-48.8808,75.2,50,0,2.3
83,Moussoro,TD,2021-03-27 02:34:24,13.6408,16.4901,71.49,19,57,18.48
84,Lucapa,AO,2021-03-27 02:34:24,-8.4192,20.7447,63.61,98,100,2.33
85,Port-Gentil,GA,2021-03-27 02:25:47,-0.7193,8.7815,80.78,75,100,8.86
86,Cidreira,BR,2021-03-27 02:34:24,-30.1811,-50.2056,70.45,91,100,7.96
87,Peniche,PT,2021-03-27 02:34:24,39.3558,-9.3811,53.01,83,98,1.01
88,Kutum,SD,2021-03-27 02:34:25,14.2,24.6667,62.96,20,97,12.82
89,Boda,CF,2021-03-27 02:34:25,4.3189,17.4695,68.09,85,91,1.92
90,Bambous Virieux,MU,2021-03-27 02:30:10,-20.3428,57.7575,75.99,94,20,6.91
91,Kintinku,TZ,2021-03-27 02:34:26,-5.8833,35.2333,64.4,94,75,1.54
92,Arraial Do Cabo,BR,2021-03-27 02:30:26,-22.9661,-42.0278,78.8,78,0,9.22
93,Natal,BR,2021-03-27 02:34:26,-5.795,-35.2094,75.2,88,75,8.05
94,Vila Franca Do Campo,PT,2021-03-27 02:34:26,37.7167,-25.4333,55.4,76,20,2.3
95,Ribeira Brava,PT,2021-03-27 02:34:27,32.65,-17.0667,64.4,88,40,9.22
96,Susanino,RU,2021-03-27 02:34:27,58.1461,41.5872,30.24,98,100,2.82
97,Prieska,ZA,2021-03-27 02:34:27,-29.6641,22.7474,65.34,49,56,7.65
98,Tambovka,RU,2021-03-27 02:34:28,50.0969,128.0489,33.8,100,90,2.24
99,Kirkland Lake,CA,2021-03-27 02:26:28,48.1446,-80.0377,26.6,74,58,5.61
100,Ilulissat,GL,2021-03-27 02:34:28,69.2167,-51.1,-16.6,43,18,2.3
101,Ostersund,SE,2021-03-27 02:34:28,63.1792,14.6357,39.2,81,90,14.97
102,Luderitz,NA,2021-03-27 02:34:29,-26.6481,15.1594,61.12,81,0,9.46
103,Pangnirtung,CA,2021-03-27 02:24:51,66.1451,-65.7125,-23.19,82,10,5.5
104,Horadiz,AZ,2021-03-27 02:34:29,39.4488,47.3353,42.8,100,20,4.61
105,Inhambane,MZ,2021-03-27 02:34:29,-23.865,35.3833,72.99,88,12,6.6
106,Sinazongwe,ZM,2021-03-27 02:34:30,-17.2614,27.4618,72.41,79,44,2.01
107,Upata,VE,2021-03-27 02:34:30,8.0086,-62.3989,75.0,90,81,3.0
108,Olafsvik,IS,2021-03-27 02:25:53,64.8945,-23.7142,18.14,62,98,10.71
109,Boyuibe,BO,2021-03-27 02:34:30,-20.4167,-63.2833,70.9,87,100,2.51
110,Albany,US,2021-03-27 02:25:56,42.6001,-73.9662,48.0,59,100,1.99
111,Ericeira,PT,2021-03-27 02:34:31,38.9627,-9.4156,54.0,93,100,11.27
112,Huarmey,PE,2021-03-27 02:26:22,-10.0681,-78.1522,70.74,81,79,7.67
113,Porto Velho,BR,2021-03-27 02:32:40,-8.7619,-63.9039,77.0,94,20,1.86
114,Yuzhno-Sukhokumsk,RU,2021-03-27 02:34:31,44.6581,45.6436,37.42,80,99,12.1
115,Lagoa,PT,2021-03-27 02:25:28,39.05,-27.9833,56.8,63,99,7.92
116,Gberia Fotombu,SL,2021-03-27 02:34:32,9.8833,-11.1667,71.65,62,2,5.23
117,Iqaluit,CA,2021-03-27 02:24:36,63.7506,-68.5145,-20.0,69,1,10.36
118,Bosaso,SO,2021-03-27 02:34:32,11.2842,49.1816,76.1,64,77,5.12
119,Manama,BH,2021-03-27 02:34:07,26.2154,50.5832,77.0,57,0,6.91
120,Kyzyl-Suu,KG,2021-03-27 02:34:32,42.3414,78.0056,43.0,83,100,4.61
121,Beroroha,MG,2021-03-27 02:34:33,-21.6667,45.1667,68.41,95,0,1.12
122,Longyearbyen,SJ,2021-03-27 02:34:33,78.2186,15.6401,17.6,73,20,28.77
123,Lizzanello,IT,2021-03-27 02:34:33,40.3041,18.2225,44.01,100,0,4.61
124,Terra Boa,BR,2021-03-27 02:34:34,-23.7681,-52.4442,75.2,73,0,6.91
125,Mahebourg,MU,2021-03-27 02:34:34,-20.4081,57.7,73.4,94,20,6.91
126,Marsh Harbour,BS,2021-03-27 02:34:34,26.5412,-77.0636,75.67,77,29,10.63
127,Tambura,SS,2021-03-27 02:34:34,5.6,27.4667,66.99,96,83,4.74
128,Husavik,IS,2021-03-27 02:34:35,66.0449,-17.3389,15.8,73,40,2.3
129,Mana,GF,2021-03-27 02:26:09,5.6592,-53.7767,77.14,82,14,9.64
130,Maniitsoq,GL,2021-03-27 02:25:28,65.4167,-52.9,-11.94,79,32,10.98
131,Aasiaat,GL,2021-03-27 02:34:35,68.7098,-52.8699,-19.28,99,100,3.29
132,Ekibastuz,KZ,2021-03-27 02:34:36,51.6667,75.3667,29.53,93,100,7.63
133,Tutoia,BR,2021-03-27 02:34:36,-2.7619,-42.2744,74.8,92,100,5.93
134,Dalbandin,PK,2021-03-27 02:34:36,28.8947,64.4101,78.87,13,0,3.44
135,Namibe,AO,2021-03-27 02:34:36,-15.1961,12.1522,73.76,80,83,5.97
136,Lebu,CL,2021-03-27 02:21:12,-37.6167,-73.65,55.11,78,71,18.3
137,Los Llanos De Aridane,ES,2021-03-27 02:24:40,28.6585,-17.9182,68.0,60,75,3.44
138,Bakel,SN,2021-03-27 02:34:37,14.905,-12.4568,84.65,8,2,13.31
139,Gamba,GA,2021-03-27 02:34:37,-2.65,10.0,76.15,86,100,4.76
140,Porbandar,IN,2021-03-27 02:34:38,21.6422,69.6093,81.28,52,3,8.84
141,Belyy Yar,RU,2021-03-27 02:26:36,53.6039,91.3903,23.0,80,12,3.53
142,Saint-Pierre,RE,2021-03-27 02:34:38,-21.3393,55.4781,75.2,73,67,5.75
143,Vigrestad,NO,2021-03-27 02:34:38,58.5667,5.7,39.99,96,100,1.99
144,Abu Kamal,SY,2021-03-27 02:34:39,34.4506,40.9171,48.18,36,2,19.66
145,Gazojak,TM,2021-03-27 02:34:39,41.1875,61.4036,52.41,68,47,9.62
146,Saint-Leu,RE,2021-03-27 02:34:39,-21.15,55.2833,75.2,73,71,5.75
147,Saldanha,ZA,2021-03-27 02:34:39,-33.0117,17.9442,64.4,88,90,14.05
148,Ormstown,CA,2021-03-27 02:34:40,45.1334,-73.9992,39.2,93,100,10.36
149,Georgetown,MY,2021-03-27 02:34:40,5.4112,100.3354,84.2,78,20,5.75
150,Lazurne,UA,2021-03-27 02:34:40,46.084,32.5295,32.0,80,0,8.95
151,Ribeira Grande,PT,2021-03-27 02:29:44,38.5167,-28.7,57.7,63,86,6.69
152,Oxelosund,SE,2021-03-27 02:34:41,58.6706,17.1015,39.2,93,0,5.75
153,Kudahuvadhoo,MV,2021-03-27 02:34:41,2.6708,72.8944,80.62,79,100,11.54
154,Sindou,BF,2021-03-27 02:34:41,10.6667,-5.1667,81.34,14,1,6.76
155,General Roca,AR,2021-03-27 02:34:42,-39.0333,-67.5833,55.4,67,0,6.71
156,Barra Do Garcas,BR,2021-03-27 02:34:42,-15.89,-52.2567,73.54,73,48,0.92
157,Chanika,TZ,2021-03-27 02:34:42,-5.4167,38.0167,67.69,95,100,4.45
158,Paldiski,EE,2021-03-27 02:34:43,59.3567,24.0531,37.99,100,20,2.3
159,Santa Cruz De Tenerife,ES,2021-03-27 02:34:31,28.4682,-16.2546,64.99,87,0,5.75
160,Santa Fe,AR,2021-03-27 02:34:43,-31.6333,-60.7,58.73,82,14,12.41
161,Richards Bay,ZA,2021-03-27 02:34:43,-28.783,32.0377,67.41,89,82,4.09
162,Tpig,RU,2021-03-27 02:34:43,41.7801,47.589,21.0,86,31,1.97
163,Clyde River,CA,2021-03-27 02:34:44,70.4692,-68.5914,-11.2,58,1,3.44
164,Macas,EC,2021-03-27 02:30:52,-2.3167,-78.1167,67.46,98,98,2.3
165,Bandarbeyla,SO,2021-03-27 02:34:44,9.4942,50.8122,76.5,75,100,9.28
166,Maldonado,UY,2021-03-27 02:34:44,-34.6667,-54.9167,69.8,100,75,4.61
167,Batticaloa,LK,2021-03-27 02:25:35,7.7102,81.6924,80.91,81,97,3.85
168,Bogande,BF,2021-03-27 02:34:45,12.9714,-0.1436,79.83,17,3,9.44
169,Raudeberg,NO,2021-03-27 02:34:45,61.9875,5.1352,39.99,82,100,17.67
170,Grand Gaube,MU,2021-03-27 02:29:59,-20.0064,57.6608,75.99,86,11,1.61
171,Bahia Blanca,AR,2021-03-27 02:34:46,-38.7196,-62.2724,60.48,66,100,11.5
172,Sayyan,YE,2021-03-27 02:34:46,15.1718,44.3244,52.05,15,15,3.42
173,Bathsheba,BB,2021-03-27 02:34:46,13.2167,-59.5167,77.0,65,20,21.85
174,Sandwick,GB,2021-03-27 02:34:47,60.0,-1.25,39.2,75,34,3.44
175,Berlevag,NO,2021-03-27 02:25:33,70.8578,29.0864,34.18,80,100,26.6
176,Butembo,CD,2021-03-27 02:34:47,0.15,29.2833,55.96,96,100,2.91
177,Nador,MA,2021-03-27 02:25:41,35.174,-2.9287,51.8,71,0,1.14
178,Chacabuco,AR,2021-03-27 02:31:45,-34.6417,-60.4739,64.0,66,100,3.0
179,Santa Maria,BR,2021-03-27 02:34:48,-29.6842,-53.8069,69.8,100,40,2.3
180,Muzhi,RU,2021-03-27 02:26:23,65.3667,64.6667,10.92,77,7,13.85
181,Geraldton,AU,2021-03-27 02:26:39,-28.7667,114.6,77.0,44,0,17.27
182,Arlit,NE,2021-03-27 02:34:48,18.7369,7.3853,63.14,15,0,10.85
183,Warrington,GB,2021-03-27 02:34:07,53.3925,-2.5802,42.8,70,90,24.16
184,Pudozh,RU,2021-03-27 02:34:48,61.8099,36.5345,31.32,99,100,1.57
185,George Town,MY,2021-03-27 02:34:40,5.4112,100.3354,84.2,78,20,5.75
186,Braniewo,PL,2021-03-27 02:34:49,54.3797,19.8196,42.24,82,33,12.86
187,Quatre Cocos,MU,2021-03-27 02:34:49,-20.2078,57.7625,75.99,94,20,6.91
188,Jumla,NP,2021-03-27 02:25:20,29.2747,82.1838,54.05,30,0,2.3
189,Vangaindrano,MG,2021-03-27 02:34:49,-23.35,47.6,70.97,95,23,3.22
190,Saint Anthony,US,2021-03-27 02:34:50,45.0205,-93.218,45.0,57,90,5.75
191,Acarau,BR,2021-03-27 02:34:50,-2.8856,-40.12,76.21,87,98,4.18
192,Guaruja,BR,2021-03-27 02:34:50,-23.9931,-46.2564,82.99,26,1,1.99
193,Plonsk,PL,2021-03-27 02:34:51,52.6235,20.3755,42.8,61,0,9.22
194,Vestmannaeyjar,IS,2021-03-27 02:34:51,63.4427,-20.2734,21.16,56,12,10.25
195,Xudat,AZ,2021-03-27 02:34:51,41.631,48.681,42.22,92,100,4.47
196,Soyo,AO,2021-03-27 02:25:22,-6.1349,12.3689,77.56,83,100,4.5
197,Mineiros,BR,2021-03-27 02:34:52,-17.5694,-52.5511,68.61,76,66,3.8
198,Lembeni,TZ,2021-03-27 02:34:52,-3.7833,37.6167,67.84,88,100,1.83
199,Laguna,US,2021-03-27 02:32:59,38.421,-121.4238,69.8,18,1,9.22
200,Timizart,DZ,2021-03-27 02:34:52,36.8,4.2667,56.12,43,100,6.78
201,Dingle,PH,2021-03-27 02:26:21,10.9995,122.6711,85.78,65,80,12.12
202,Campestre,BR,2021-03-27 02:34:53,-21.7111,-46.2464,63.16,88,0,1.86
203,Porto-Vecchio,FR,2021-03-27 02:34:53,41.591,9.2795,50.0,100,0,4.61
204,Ostrovnoy,RU,2021-03-27 02:34:53,68.0531,39.5131,22.86,95,50,23.38
205,Yar-Sale,RU,2021-03-27 02:26:27,66.8333,70.8333,2.91,92,85,13.22
206,Marigot,MF,2021-03-27 02:34:54,18.0667,-63.0833,78.01,73,20,16.11
207,Kaputa,ZM,2021-03-27 02:34:54,-8.4689,29.6619,64.76,90,70,3.4
208,Veraval,IN,2021-03-27 02:30:42,20.9,70.3667,83.64,38,5,9.06
209,Sur,OM,2021-03-27 02:34:54,22.5667,59.5289,80.91,49,99,1.72
210,Vila Velha,BR,2021-03-27 02:25:21,-20.3297,-40.2925,75.2,88,0,2.3
211,Bafoulabe,ML,2021-03-27 02:34:55,13.8065,-10.8321,86.95,5,1,8.63
212,Bengkulu,ID,2021-03-27 02:30:05,-3.8004,102.2655,83.79,69,100,2.26
213,Nurota,UZ,2021-03-27 02:34:55,40.5614,65.6886,57.2,94,42,11.5
214,Umm Lajj,SA,2021-03-27 02:34:55,25.0213,37.2685,67.19,49,0,15.99
215,Kudymkar,RU,2021-03-27 02:31:17,59.0173,54.656,29.35,94,100,6.22
216,Asekeyevo,RU,2021-03-27 02:34:56,53.5742,52.7972,31.53,91,100,3.47
217,Riyadh,SA,2021-03-27 02:25:22,24.6877,46.7219,80.6,17,0,9.22
218,Qaanaaq,GL,2021-03-27 02:30:08,77.484,-69.3632,-9.65,69,100,4.7
219,Nioro,GM,2021-03-27 02:34:56,13.35,-15.75,76.8,33,0,7.2
220,Tanout,NE,2021-03-27 02:34:57,14.9709,8.8879,63.55,14,3,17.56
221,Rancharia,BR,2021-03-27 02:34:57,-22.2292,-50.8931,77.0,65,0,2.3
222,Iona,US,2021-03-27 02:34:57,26.5204,-81.964,78.8,73,90,5.75
223,Salym,RU,2021-03-27 02:34:57,60.0625,71.4789,32.22,97,100,4.0
224,Nuuk,GL,2021-03-27 02:26:33,64.1835,-51.7216,-15.23,75,5,15.77
225,Iquique,CL,2021-03-27 02:34:58,-20.2208,-70.1431,68.0,64,0,4.61
226,Urumqi,CN,2021-03-27 02:33:01,43.801,87.6005,48.2,71,0,6.71
227,Fomboni,KM,2021-03-27 02:34:58,-12.28,43.7425,82.99,72,47,6.04
228,Lodeynoye Pole,RU,2021-03-27 02:34:59,60.726,33.5531,31.84,98,100,1.77
229,Khed Brahma,IN,2021-03-27 02:34:59,24.0333,73.05,85.12,14,0,1.1
230,Praia Da Vitoria,PT,2021-03-27 02:25:28,38.7333,-27.0667,52.0,82,0,5.93
231,Issoire,FR,2021-03-27 02:34:59,45.55,3.25,44.6,65,75,2.3
232,Ajaccio,FR,2021-03-27 02:30:29,42.0,8.9167,44.6,81,0,8.05
233,Pulaski,US,2021-03-27 02:35:00,34.7668,-92.3001,62.01,72,1,8.05
234,Dreux,FR,2021-03-27 02:35:00,48.6667,1.25,37.99,87,0,11.5
235,Maridi,SS,2021-03-27 02:35:00,4.9158,29.4742,66.99,91,98,7.85
236,Adrar,MR,2021-03-27 02:35:00,20.5022,-10.0711,70.95,7,0,10.83
237,Frutal,BR,2021-03-27 02:35:01,-20.0247,-48.9406,76.55,55,70,4.03
238,Hamilton,US,2021-03-27 02:22:47,39.1834,-84.5333,51.01,87,1,3.04
239,Reconquista,AR,2021-03-27 02:35:01,-29.15,-59.65,67.57,93,100,11.81
240,Tamandare,BR,2021-03-27 02:34:33,-8.7597,-35.1047,77.2,84,100,4.79
241,Forestville,US,2021-03-27 02:35:02,38.8451,-76.875,64.4,48,1,11.5
242,Lypnyazhka,UA,2021-03-27 02:35:02,48.4469,31.0761,40.19,80,100,5.79
243,Sao Joaquim,BR,2021-03-27 02:35:02,-28.2939,-49.9317,56.8,98,100,1.16
244,Tosya,TR,2021-03-27 02:35:02,41.0155,34.0401,31.66,91,98,4.34
245,Henties Bay,NA,2021-03-27 02:26:38,-22.116,14.2845,61.0,95,90,3.0
246,Garowe,SO,2021-03-27 02:35:03,8.4054,48.4845,66.87,91,18,7.11
247,Phalombe,MW,2021-03-27 02:35:03,-15.8064,35.6507,65.08,93,0,0.34
248,Cape Canaveral,US,2021-03-27 02:35:04,28.4058,-80.6048,77.0,88,1,9.22
249,Pascagoula,US,2021-03-27 02:32:30,30.3658,-88.5561,73.4,94,90,4.61
250,Maceio,BR,2021-03-27 02:26:13,-9.6658,-35.7353,73.4,100,75,5.75
251,Najran,SA,2021-03-27 02:25:29,17.4924,44.1277,64.4,22,0,4.61
252,Rocha,UY,2021-03-27 02:35:04,-34.4833,-54.3333,67.21,96,87,3.69
253,Bonthe,SL,2021-03-27 02:35:04,7.5264,-12.505,77.18,91,17,4.94
254,Valparaiso,CL,2021-03-27 02:35:05,-33.0393,-71.6273,51.8,93,0,2.3
255,Taltal,CL,2021-03-27 02:26:40,-25.4,-70.4833,66.27,73,0,4.65
256,Aranos,NA,2021-03-27 02:35:05,-24.1333,19.1167,64.53,48,1,8.93
257,Merrill,US,2021-03-27 02:35:05,45.1805,-89.6835,35.6,80,1,2.98
258,Benghazi,LY,2021-03-27 02:35:06,32.1167,20.0667,55.13,60,27,2.82
259,Grindavik,IS,2021-03-27 02:25:39,63.8424,-22.4338,19.4,53,0,10.36
260,Bantry,IE,2021-03-27 02:35:06,51.6833,-9.45,33.8,93,40,9.22
261,Rio Grande,BR,2021-03-27 02:25:41,-32.035,-52.0986,69.01,96,86,8.81
262,Sozimskiy,RU,2021-03-27 02:35:06,59.7418,52.2482,29.8,95,100,5.44
263,Romitan,UZ,2021-03-27 02:35:07,39.9343,64.3814,57.2,94,75,6.91
264,Puerto Gaitan,CO,2021-03-27 02:35:07,4.3133,-72.0816,76.96,81,100,2.98
265,Baherden,TM,2021-03-27 02:35:07,38.4362,57.4316,57.07,66,9,2.42
266,Pribinic,BA,2021-03-27 02:35:08,44.6106,17.6906,42.03,71,0,4.65
267,Cabedelo,BR,2021-03-27 02:31:11,-6.9811,-34.8339,75.2,100,40,4.61
268,Sopot,PL,2021-03-27 02:35:08,54.4418,18.56,46.4,71,99,8.05
269,Skjervoy,NO,2021-03-27 02:35:08,70.0311,20.9714,36.73,74,10,17.13
270,Velez-Malaga,ES,2021-03-27 02:35:08,36.7726,-4.1005,57.0,70,46,4.92
271,Amot,NO,2021-03-27 02:35:09,59.5714,7.9877,43.0,89,100,4.0
272,Ilek,RU,2021-03-27 02:35:09,51.5271,53.3831,20.98,95,99,6.96
273,Kyabe,TD,2021-03-27 02:35:09,9.4515,18.9449,77.45,57,67,4.59
274,Rawson,AR,2021-03-27 02:35:10,-43.3002,-65.1023,59.25,65,68,7.18
275,Vertientes,CU,2021-03-27 02:35:10,21.2594,-78.1464,75.2,83,0,13.8
276,Pavullo Nel Frignano,IT,2021-03-27 02:35:10,44.3315,10.835,48.99,86,100,33.38
277,Vaxjo,SE,2021-03-27 02:35:11,56.8777,14.8091,41.0,87,75,9.22
278,Weligama,LK,2021-03-27 02:35:11,5.9667,80.4167,81.14,76,100,8.75
279,Sinnamary,GF,2021-03-27 02:25:19,5.3833,-52.95,77.25,84,34,10.16
280,Zelenoborsk,RU,2021-03-27 02:35:11,61.4669,64.0333,24.37,93,17,8.46
281,Vihti,FI,2021-03-27 02:35:11,60.417,24.3197,34.0,100,96,5.99
282,Shache,CN,2021-03-27 02:26:02,38.4167,77.2406,58.78,26,68,5.97
283,Sambir,UA,2021-03-27 02:35:12,49.5183,23.1975,39.0,86,11,6.71
284,West Bay,KY,2021-03-27 02:35:12,19.3667,-81.4167,79.0,83,20,5.75
285,Carepa,CO,2021-03-27 02:35:12,7.7585,-76.6525,74.14,98,100,0.43
286,Punta Alta,AR,2021-03-27 02:35:13,-38.8759,-62.0736,61.21,63,97,15.32
287,Panaba,MX,2021-03-27 02:35:13,21.2833,-88.2667,76.32,76,0,9.98
288,Nara,JP,2021-03-27 02:25:58,34.6851,135.8049,66.0,39,75,1.14
289,Raga,SS,2021-03-27 02:35:13,8.4596,25.678,71.82,77,97,3.78
290,Rehoboth,NA,2021-03-27 02:35:14,-23.3167,17.0833,63.28,47,0,3.96
291,Qasigiannguit,GL,2021-03-27 02:26:24,68.8193,-51.1922,-16.6,43,16,2.3
292,Kruisfontein,ZA,2021-03-27 02:30:53,-34.0033,24.7314,63.0,76,0,1.01
293,Bayir,TR,2021-03-27 02:35:14,37.2687,28.2167,33.8,86,0,3.44
294,Safita,SY,2021-03-27 02:35:15,34.8205,36.1153,48.0,73,63,1.99
295,Taoudenni,ML,2021-03-27 02:35:15,22.6783,-3.9836,69.48,10,0,12.08
296,Terrace Bay,CA,2021-03-27 02:35:15,48.7834,-87.1,26.6,74,84,3.44
297,Bukama,CD,2021-03-27 02:35:15,-9.2,25.85,66.56,98,99,0.72
298,Quelimane,MZ,2021-03-27 02:35:16,-17.8786,36.8883,75.2,94,0,3.85
299,Hualmay,PE,2021-03-27 02:35:16,-11.0964,-77.6139,69.51,83,76,6.6
300,Senekal,ZA,2021-03-27 02:35:16,-28.3197,27.6208,53.55,60,14,1.83
301,Cayenne,GF,2021-03-27 02:26:00,4.9333,-52.3333,80.01,83,75,6.91
302,Mangrol,IN,2021-03-27 02:26:28,21.1167,70.1167,78.78,49,5,10.94
303,Le Havre,FR,2021-03-27 02:35:17,49.4938,0.1077,42.8,87,90,18.41
304,Kapoeta,SS,2021-03-27 02:35:17,4.7717,33.5903,78.37,51,94,4.03
305,Bossangoa,CF,2021-03-27 02:35:17,6.4926,17.4552,68.88,77,88,3.98
306,Bonfim,BR,2021-03-27 02:35:18,3.0833,-59.95,78.78,72,77,9.15
307,Zarechnyy,RU,2021-03-27 02:35:18,53.2036,45.1923,37.99,41,100,5.03
308,Aksu,CN,2021-03-27 02:35:18,41.1231,80.2644,61.21,22,96,4.45
309,Encruzilhada,BR,2021-03-27 02:35:19,-15.5314,-40.9094,61.92,95,0,4.36
310,Sal Rei,CV,2021-03-27 02:35:19,16.1833,-22.9167,68.0,73,75,18.41
311,Alacranes,CU,2021-03-27 02:35:19,22.7675,-81.5675,75.2,64,1,5.75
312,Itacoatiara,BR,2021-03-27 02:35:19,-3.1431,-58.4442,73.35,96,96,2.59
313,Moengo,SR,2021-03-27 02:35:20,5.6167,-54.4,72.34,94,22,2.42
314,Alvaraes,BR,2021-03-27 02:35:20,-3.2208,-64.8042,72.84,98,99,3.06
315,Puerto Ayora,EC,2021-03-27 02:25:36,-0.7393,-90.3518,77.0,90,30,1.99
316,Kalyazin,RU,2021-03-27 02:35:20,57.2403,37.8433,32.43,98,99,4.18
317,Santa Cruz,BO,2021-03-27 02:24:04,-17.8,-63.1667,75.2,94,75,4.61
318,Gubkinskiy,RU,2021-03-27 02:35:21,64.434,76.5026,8.1,87,22,9.04
319,Lasa,IT,2021-03-27 02:25:54,46.6166,10.7002,50.0,93,0,4.61
320,Ous,RU,2021-03-27 02:35:21,60.9058,61.5186,25.59,81,8,9.22
321,Hauterive,FR,2021-03-27 02:35:22,46.0901,3.4459,44.6,65,75,2.3
322,Ribeirao Branco,BR,2021-03-27 02:35:22,-24.2208,-48.7656,64.11,94,99,2.01
323,Saint-Andre-Les-Vergers,FR,2021-03-27 02:35:22,48.2853,4.0521,41.0,87,0,14.97
324,Bay Roberts,CA,2021-03-27 02:22:48,47.5999,-53.2648,33.01,93,90,16.11
325,Cockburn Town,TC,2021-03-27 02:35:23,21.4612,-71.1419,77.49,75,2,22.26
326,Newtonmore,GB,2021-03-27 02:35:23,57.066,-4.1192,37.4,87,75,11.5
327,Kayes,ML,2021-03-27 02:35:23,14.0,-11.0,85.66,5,2,9.69
328,Ponte De Sor,PT,2021-03-27 02:35:23,39.2496,-8.0101,51.01,80,96,1.01
329,Blagoyevo,RU,2021-03-27 02:35:24,63.3667,47.9167,16.11,98,86,2.51
330,Xuddur,SO,2021-03-27 02:26:17,4.1213,43.8894,68.58,85,7,14.12
331,Sambava,MG,2021-03-27 02:24:18,-14.2667,50.1667,76.26,89,99,3.36
332,Torbeyevo,RU,2021-03-27 02:35:24,54.0797,43.2473,32.32,99,100,5.73
333,Port-Cartier,CA,2021-03-27 02:35:24,50.0334,-66.8654,28.4,54,90,11.5
334,Marawi,PH,2021-03-27 02:35:25,7.9986,124.2928,82.99,78,100,5.01
335,El Cobre,CU,2021-03-27 02:35:25,20.0489,-75.9469,78.8,61,20,4.61
336,Sao Jose Da Coroa Grande,BR,2021-03-27 02:35:25,-8.8978,-35.1478,77.38,83,100,5.5
337,Saint-Augustin,CA,2021-03-27 02:35:26,51.226,-58.6502,14.34,78,100,17.47
338,Bahar,IR,2021-03-27 02:35:26,34.9072,48.4414,42.76,46,2,5.01
339,Havre-Saint-Pierre,CA,2021-03-27 02:35:26,50.2334,-63.5986,26.6,59,90,27.63
340,Bure,ET,2021-03-27 02:35:27,10.7,37.0667,60.42,24,82,3.24
341,Vardo,NO,2021-03-27 02:35:27,70.3705,31.1107,34.18,83,98,22.86
342,Cantagallo,CO,2021-03-27 02:35:27,7.376,-73.9196,76.69,87,98,1.3
343,Libenge,CD,2021-03-27 02:35:28,3.65,18.6333,68.68,93,97,2.8
344,East Retford,GB,2021-03-27 02:35:28,53.3221,-0.9432,37.99,81,20,9.22
345,Plettenberg Bay,ZA,2021-03-27 02:25:37,-34.0527,23.3716,63.21,88,26,7.58
346,Carutapera,BR,2021-03-27 02:26:28,-1.195,-46.02,73.31,95,100,1.7
347,Gasa,PS,2021-03-27 02:35:28,31.5,34.4667,50.0,100,37,1.99
348,Tarut,SA,2021-03-27 02:35:29,26.5733,50.0369,71.6,68,0,10.36
349,Moanda,GA,2021-03-27 02:35:29,-1.5575,13.2178,69.82,98,100,2.68
350,Honavar,IN,2021-03-27 02:32:47,14.2833,74.45,85.21,67,87,2.59
351,Nova Olinda Do Norte,BR,2021-03-27 02:35:29,-3.8881,-59.0942,72.54,97,91,2.46
352,Shemursha,RU,2021-03-27 02:35:30,54.8866,47.5189,32.11,98,100,7.63
353,Marienburg,PL,2021-03-27 02:35:30,54.0359,19.0266,46.99,69,82,12.08
354,San Clemente,US,2021-03-27 02:35:30,33.427,-117.612,57.0,74,0,7.9
355,Shenkursk,RU,2021-03-27 02:35:31,62.1091,42.896,26.13,98,97,2.42
356,Altay,CN,2021-03-27 02:35:31,47.8667,88.1167,36.16,49,68,2.17
357,Camacha,PT,2021-03-27 02:35:31,33.0833,-16.3333,62.6,94,40,14.97
358,Zhezkazgan,KZ,2021-03-27 02:35:32,47.8043,67.7144,33.76,99,100,5.01
359,Alakurtti,RU,2021-03-27 02:35:32,66.9672,30.3491,30.96,95,100,4.41
360,Ritchie,ZA,2021-03-27 02:35:32,-29.038,24.6028,57.2,88,37,4.61
361,Antofagasta,CL,2021-03-27 02:35:12,-23.65,-70.4,60.8,88,75,9.22
362,Viedma,AR,2021-03-27 02:22:02,-40.8135,-62.9967,54.37,63,24,5.41
363,Bonito,BR,2021-03-27 02:32:02,-21.1211,-56.4819,74.91,54,13,2.98
364,Gulu,UG,2021-03-27 02:35:33,2.7746,32.299,64.02,83,100,3.85
365,Tiznit,MA,2021-03-27 02:26:11,29.5833,-9.5,68.58,13,93,24.45
366,Saint-Joseph,RE,2021-03-27 02:35:33,-21.3667,55.6167,75.2,73,63,5.75
367,Port Blair,IN,2021-03-27 02:35:33,11.6667,92.75,86.27,64,73,12.08
368,Tougue,GN,2021-03-27 02:35:16,11.4667,-11.6,73.11,19,2,2.39
369,Lagdo,CM,2021-03-27 02:35:34,9.05,13.7333,78.69,19,100,2.82
370,Ancud,CL,2021-03-27 02:35:34,-41.8697,-73.8203,51.01,93,20,2.3
371,Takoradi,GH,2021-03-27 02:35:34,4.8845,-1.7554,78.8,86,5,7.16
372,Necochea,AR,2021-03-27 02:35:35,-38.5473,-58.7368,61.0,84,100,8.01
373,Seinajoki,FI,2021-03-27 02:35:35,62.7945,22.8282,37.4,87,90,5.75
374,Murmashi,RU,2021-03-27 02:35:35,68.8154,32.8115,23.0,86,0,4.47
375,Darnah,LY,2021-03-27 02:35:36,32.767,22.6367,51.78,66,5,7.67
376,Virginia Beach,US,2021-03-27 02:31:35,36.8529,-75.978,75.2,64,20,8.05
377,Chapais,CA,2021-03-27 02:35:36,49.7834,-74.8492,24.8,63,75,11.5
378,Muhos,FI,2021-03-27 02:31:20,64.808,25.9931,36.0,80,75,8.05
379,Biltine,TD,2021-03-27 02:35:37,14.5333,20.9167,75.02,15,62,17.45
380,Margate,GB,2021-03-27 02:35:37,51.3813,1.3862,39.99,74,98,3.0
381,Domoni,KM,2021-03-27 02:35:37,-12.2569,44.5319,80.17,80,76,3.0
382,Jacobina,BR,2021-03-27 02:35:38,-11.1806,-40.5183,67.17,83,100,4.52
383,Bakchar,RU,2021-03-27 02:35:38,57.0186,82.0711,27.55,95,100,9.06
384,Abnub,EG,2021-03-27 02:35:38,27.2696,31.1511,51.8,66,0,13.8
385,Totness,SR,2021-03-27 02:35:39,5.8833,-56.3167,76.98,87,91,12.3
386,Sao Joao Da Barra,BR,2021-03-27 02:35:39,-21.6403,-41.0511,76.03,85,7,7.61
387,Nanortalik,GL,2021-03-27 02:35:39,60.1432,-45.2371,5.65,69,16,19.3
388,Dawlatabad,AF,2021-03-27 02:35:40,36.4141,64.9053,64.11,69,100,16.58
389,Coevorden,NL,2021-03-27 02:35:40,52.661,6.7405,42.01,93,100,5.01
390,Ocala,US,2021-03-27 02:34:37,29.1872,-82.1401,73.4,88,1,4.61
391,Mitsamiouli,KM,2021-03-27 02:35:40,-11.3847,43.2844,81.95,76,56,5.61
392,Steinkjer,NO,2021-03-27 02:35:41,64.193,11.3851,33.44,98,100,1.99
393,San Miguel,SV,2021-03-27 02:35:41,13.4833,-88.1833,76.37,71,6,2.44
394,Pucallpa,PE,2021-03-27 02:35:41,-8.3791,-74.5539,78.8,83,20,2.3
395,Sulina,RO,2021-03-27 02:31:17,45.1559,29.6536,40.12,66,14,7.31
396,Valera,VE,2021-03-27 02:35:42,9.3178,-70.6036,71.24,91,92,3.13
397,Atasu,KZ,2021-03-27 02:35:42,48.6814,71.6433,34.03,99,100,8.52
398,Kamenka,RU,2021-03-27 02:35:42,51.3223,42.7678,32.0,88,100,8.03
399,Bull Savanna,JM,2021-03-27 02:35:43,17.8868,-77.5902,72.91,82,20,8.37
400,Ler,SS,2021-03-27 02:35:43,8.3018,30.1418,81.5,49,100,8.99
401,Saint-Denis,FR,2021-03-27 02:32:44,48.9167,2.3333,41.0,81,20,10.36
402,Makat,KZ,2021-03-27 02:35:43,47.6469,53.3463,33.58,97,100,12.71
403,La Palma,US,2021-03-27 02:35:44,33.8464,-118.0467,61.0,48,1,8.05
404,Gari,RU,2021-03-27 02:35:44,59.4307,62.3497,26.37,90,15,6.06
405,Rio Claro,BR,2021-03-27 02:35:44,-22.4114,-47.5614,73.4,83,0,3.44
406,Jacareacanga,BR,2021-03-27 02:35:45,-6.2222,-57.7528,72.41,95,20,1.66
407,Hihya,EG,2021-03-27 02:35:45,30.6713,31.588,51.8,58,75,5.75
408,Road Town,VG,2021-03-27 02:30:50,18.4167,-64.6167,78.8,73,40,12.66
409,Sioux Lookout,CA,2021-03-27 02:35:45,50.1001,-91.917,35.6,60,90,4.61
410,Mount Darwin,ZW,2021-03-27 02:35:45,-16.7725,31.5838,63.48,90,3,2.57
411,Sadiqabad,PK,2021-03-27 02:35:46,28.3062,70.1307,85.41,19,0,6.31
412,East Liverpool,US,2021-03-27 02:35:46,40.6187,-80.5773,50.0,71,40,3.44
413,Saint-Georges,GD,2021-03-27 02:35:46,12.0564,-61.7485,78.8,78,20,10.36
414,Nouadhibou,MR,2021-03-27 02:26:13,20.931,-17.0347,64.4,82,20,13.8
415,Chachapoyas,PE,2021-03-27 02:35:47,-6.2317,-77.869,52.68,96,48,2.53
416,Codrington,AU,2021-03-27 02:35:47,-38.2667,141.9667,65.26,54,3,15.66
417,Hounde,BF,2021-03-27 02:35:48,11.5,-3.5167,81.48,15,0,5.64
418,Chicama,PE,2021-03-27 02:35:48,-7.8447,-79.1469,71.87,75,36,5.08
419,Santa Vitoria Do Palmar,BR,2021-03-27 02:35:48,-33.5189,-53.3681,68.74,95,100,2.28
420,Machinga,MW,2021-03-27 02:35:48,-15.1685,35.3,64.99,95,0,1.97
421,Lar,IN,2021-03-27 02:35:49,26.2039,83.9717,83.26,11,0,5.91
422,San Cristobal,VE,2021-03-27 02:31:02,7.7669,-72.225,71.6,100,75,2.3
423,Eydhafushi,MV,2021-03-27 02:35:49,5.1033,73.0708,83.97,72,100,11.65
424,Raul Soares,BR,2021-03-27 02:35:49,-20.1022,-42.4519,69.73,89,61,2.15
425,Itaituba,BR,2021-03-27 02:35:50,-4.2761,-55.9836,80.6,83,75,5.75
426,Bardiyah,LY,2021-03-27 02:35:50,31.7561,25.0865,51.17,60,5,5.19
427,Neuquen,AR,2021-03-27 02:34:57,-38.9516,-68.0591,55.4,67,0,6.71
428,Slantsy,RU,2021-03-27 02:33:08,59.1182,28.0914,29.3,97,49,3.94
429,Maragogi,BR,2021-03-27 02:35:51,-9.0122,-35.2225,77.04,84,100,5.41
430,Ballina,AU,2021-03-27 02:35:51,-28.8667,153.5667,82.4,65,40,12.66
431,Awjilah,LY,2021-03-27 02:35:51,29.1081,21.2869,48.88,51,0,8.46
432,Marzuq,YE,2021-03-27 02:35:52,14.4,46.4667,60.31,25,54,6.06
433,Nicoya,CR,2021-03-27 02:35:52,10.1483,-85.452,82.4,54,0,14.97
434,Nantucket,US,2021-03-27 02:21:33,41.2835,-70.0995,49.96,76,0,34.81
435,Gobabis,NA,2021-03-27 02:35:52,-22.45,18.9667,63.84,32,5,9.4
436,Halifax,CA,2021-03-27 02:32:42,44.6453,-63.5724,51.01,93,100,25.32
437,Malanje,AO,2021-03-27 02:21:12,-9.5402,16.341,62.47,96,100,2.42
438,Kaspiyskiy,RU,2021-03-27 02:35:53,45.3929,47.3707,37.02,82,100,18.84
439,Mecca,SA,2021-03-27 02:35:53,21.4267,39.8261,68.88,50,0,7.61
440,Teeli,RU,2021-03-27 02:35:53,51.0333,90.2333,25.11,41,0,1.92
441,Tobane,BW,2021-03-27 02:35:54,-21.95,27.9,65.35,40,2,3.6
442,Pereslavl-Zalesskiy,RU,2021-03-27 02:35:54,56.7393,38.8563,31.77,99,100,3.44
443,Humaita,BR,2021-03-27 02:35:54,-7.5061,-63.0208,74.35,94,78,2.19
444,Tekari,IN,2021-03-27 02:30:57,24.9333,84.8333,69.8,52,0,3.44
445,Deogarh,IN,2021-03-27 02:35:55,21.5333,84.7333,87.98,36,0,3.02
446,Luanda,AO,2021-03-27 02:33:17,-8.8368,13.2343,77.0,88,75,1.14
447,Aktau,KZ,2021-03-27 02:26:20,43.65,51.2,42.8,87,0,11.18
448,Santo Augusto,BR,2021-03-27 02:31:47,-27.8508,-53.7772,69.8,88,0,4.61
449,Gat,IL,2021-03-27 02:26:00,31.61,34.7642,50.0,100,62,1.01
450,Baghdad,IQ,2021-03-27 02:35:18,33.3406,44.4009,55.4,54,0,23.02
451,Ondjiva,AO,2021-03-27 02:35:55,-17.0667,15.7333,65.43,91,87,1.41
452,Afua,BR,2021-03-27 02:35:56,-0.1567,-50.3867,72.93,95,100,4.83
453,Peruibe,BR,2021-03-27 02:35:56,-24.32,-46.9983,74.62,92,17,2.48
454,Aromashevo,RU,2021-03-27 02:35:56,56.8602,68.6375,33.1,99,100,5.26
455,Bahia Honda,CU,2021-03-27 02:35:57,22.9036,-83.1592,75.11,83,61,7.27
456,Beyneu,KZ,2021-03-27 02:35:57,45.3167,55.2,41.67,72,81,20.83
457,Marsa Matruh,EG,2021-03-27 02:35:57,31.3525,27.2453,55.4,47,40,10.36
458,Nouakchott,MR,2021-03-27 02:35:58,18.0858,-15.9785,69.8,60,1,18.41
459,Alberton,CA,2021-03-27 02:35:58,46.8168,-64.0654,33.8,94,100,35.68
460,Scarborough,GB,2021-03-27 02:32:46,54.2797,-0.4044,37.0,85,90,3.0
461,Saurimo,AO,2021-03-27 02:35:58,-9.6608,20.3916,63.57,98,100,2.82
462,Merritt Island,US,2021-03-27 02:35:59,28.5392,-80.672,75.99,83,1,10.36
463,Mogadishu,SO,2021-03-27 02:35:59,2.0371,45.3438,79.59,73,78,15.39
464,Dekernes,EG,2021-03-27 02:35:59,31.0876,31.595,55.4,62,40,13.8
465,Demirci,TR,2021-03-27 02:35:59,39.0461,28.6589,29.03,75,7,3.89
466,Buraydah,SA,2021-03-27 02:36:00,26.326,43.975,66.2,37,0,17.27
467,Puerto Leguizamo,CO,2021-03-27 02:36:00,-0.1934,-74.7819,71.26,98,76,2.66
468,Meridian,US,2021-03-27 02:33:17,43.6121,-116.3915,51.8,35,1,3.44
469,Touros,BR,2021-03-27 02:36:00,-5.1989,-35.4608,75.2,94,75,3.44
470,San Lorenzo,PY,2021-03-27 02:36:01,-25.3333,-57.5333,78.8,83,90,10.36
471,Birao,CF,2021-03-27 02:36:01,10.2849,22.7882,76.71,60,95,3.44
472,Kastrakion,GR,2021-03-27 02:36:01,39.7156,21.6181,28.0,89,0,3.96
473,Ylivieska,FI,2021-03-27 02:36:02,64.0833,24.55,39.99,88,100,1.01
474,Gwadar,PK,2021-03-27 02:32:57,25.1216,62.3254,76.06,65,99,7.47
475,Lahan,NP,2021-03-27 02:36:02,26.7296,86.4951,86.86,10,0,2.91
476,Le Port,RE,2021-03-27 02:36:02,-20.9373,55.2919,75.2,88,0,6.91
477,Hofn,IS,2021-03-27 02:36:03,64.2539,-15.2082,13.98,68,5,15.79
478,Derzhavinsk,KZ,2021-03-27 02:36:03,51.1,66.3167,31.32,95,100,14.29
479,Cololaca,HN,2021-03-27 02:36:03,14.3,-88.8833,73.31,66,19,2.91
480,Trincomalee,LK,2021-03-27 02:36:04,8.5711,81.2335,82.74,78,75,9.46
481,Matara,LK,2021-03-27 02:36:04,5.9485,80.5353,81.95,75,100,9.51
482,Varnavino,RU,2021-03-27 02:36:04,57.4035,45.0916,29.16,94,97,4.52
483,Prainha,BR,2021-03-27 02:36:04,-1.8,-53.48,73.08,96,100,2.93
484,Picsi,PE,2021-03-27 02:36:05,-6.7178,-79.7697,70.0,85,27,3.0
485,Macon,US,2021-03-27 02:36:05,39.8667,-88.9668,48.2,93,1,8.05
486,Piney Green,US,2021-03-27 02:36:05,34.716,-77.3202,69.8,83,1,4.79
487,Jacmel,HT,2021-03-27 02:36:06,18.2342,-72.5347,80.6,65,1,13.8
488,Vestmanna,FO,2021-03-27 02:36:06,62.1564,-7.1664,37.4,38,75,25.32
489,Diapaga,BF,2021-03-27 02:36:06,12.0708,1.7889,83.89,13,3,11.39
490,Bud,US,2021-03-27 02:36:07,39.447,-86.1758,48.0,85,5,4.23
491,Westport,US,2021-03-27 02:32:34,41.1415,-73.3579,59.0,44,1,14.97
492,Igrim,RU,2021-03-27 02:36:07,63.1906,64.4162,20.84,81,98,8.68
493,Nortelandia,BR,2021-03-27 02:36:07,-14.4547,-56.8028,71.53,90,10,2.42
494,Great Yarmouth,GB,2021-03-27 02:36:08,52.6083,1.7305,41.0,81,91,13.8
495,Salihorsk,BY,2021-03-27 02:36:08,52.7876,27.5415,35.62,87,8,5.79
496,Pipri,IN,2021-03-27 02:31:22,19.8,75.5333,68.0,60,0,4.97
497,Hobyo,SO,2021-03-27 02:36:08,5.3505,48.5268,77.56,80,79,11.59
498,Troitsko-Pechorsk,RU,2021-03-27 02:36:09,62.7084,56.1964,18.1,95,30,6.33
499,Gilgit,PK,2021-03-27 02:36:09,35.9221,74.3087,50.95,52,34,1.97
500,Impfondo,CG,2021-03-27 02:36:09,1.6381,18.0667,68.27,98,99,2.55
501,Bubaque,GW,2021-03-27 02:36:10,11.2833,-15.8333,76.42,72,0,15.95
502,Ailigandi,PA,2021-03-27 02:36:10,9.2333,-78.0167,79.63,77,99,14.12
503,Jiwani,PK,2021-03-27 02:36:10,25.05,61.7417,76.87,71,98,10.11
504,Olinda,BR,2021-03-27 02:36:10,-8.0089,-34.8553,77.0,78,75,3.44
505,Pirpirituba,BR,2021-03-27 02:36:11,-6.78,-35.4986,73.4,88,75,5.75
506,Bridlington,GB,2021-03-27 02:36:11,54.0831,-0.1919,37.0,82,89,8.01
507,Trairi,BR,2021-03-27 02:36:11,-3.2778,-39.2689,74.61,93,100,2.91
508,Ponta Delgada,PT,2021-03-27 02:36:12,37.7333,-25.6667,55.4,76,20,2.3
509,Tessalit,ML,2021-03-27 02:36:12,20.1986,1.0114,68.86,13,0,19.08
510,Svetlogorsk,BY,2021-03-27 02:36:12,52.6333,29.7333,35.33,91,30,4.54
511,Hvolsvollur,IS,2021-03-27 02:26:39,63.7533,-20.2243,10.99,81,11,4.0
512,Khorixas,NA,2021-03-27 02:36:13,-20.3667,14.9667,65.14,58,24,5.1
513,Pitimbu,BR,2021-03-27 02:36:13,-7.4706,-34.8086,75.2,100,40,4.61
514,Belfast,GB,2021-03-27 02:36:13,54.5833,-5.9333,37.0,87,75,12.66
515,Hambantota,LK,2021-03-27 02:31:18,6.1241,81.1185,75.2,100,75,3.44
516,Monrovia,LR,2021-03-27 02:36:13,6.3005,-10.7969,77.86,91,6,4.16
517,Mancio Lima,BR,2021-03-27 02:36:14,-7.6142,-72.8958,72.3,97,84,2.1
518,Semirom,IR,2021-03-27 02:36:14,31.4167,51.5667,48.63,56,31,20.38
519,Urbana,US,2021-03-27 02:33:46,40.1106,-88.2073,46.4,93,1,6.91
520,Qeshm,IR,2021-03-27 02:36:15,26.9581,56.2719,69.8,83,100,4.61
521,Iaciara,BR,2021-03-27 02:36:15,-14.0958,-46.6317,67.68,68,25,1.03
522,Areka,ET,2021-03-27 02:36:15,7.0667,37.7,58.87,27,10,4.38
523,Meulaboh,ID,2021-03-27 02:36:16,4.1363,96.1285,80.56,75,96,1.77
524,Rafraf,TN,2021-03-27 02:36:16,37.1904,10.1837,51.8,87,0,4.61
525,Parabel,RU,2021-03-27 02:36:16,58.6978,81.4825,32.23,97,100,10.31
526,Wajir,KE,2021-03-27 02:36:16,1.7471,40.0573,75.43,76,75,13.65
527,Drakhtik,AM,2021-03-27 02:36:17,40.565,45.2367,26.47,88,100,5.93
528,Znamenskoye,RU,2021-03-27 02:36:17,57.1281,73.8282,31.98,96,100,6.6
529,Hithadhoo,MV,2021-03-27 02:29:53,-0.6,73.0833,82.76,72,9,9.35
530,Klaksvik,FO,2021-03-27 02:36:18,62.2266,-6.589,37.4,38,75,25.32
531,Ponta Do Sol,PT,2021-03-27 02:34:06,32.6667,-17.1,64.4,88,40,9.22
532,Jamestown,US,2021-03-27 02:30:08,42.097,-79.2353,42.01,87,90,5.26
533,Saint-Philippe,RE,2021-03-27 02:34:06,-21.3585,55.7679,75.2,73,58,5.75
534,Pisco,PE,2021-03-27 02:36:18,-13.7,-76.2167,68.0,77,0,10.36
535,Port Alfred,ZA,2021-03-27 02:34:06,-33.5906,26.891,67.53,84,81,18.1
536,Moose Factory,CA,2021-03-27 02:34:07,51.2585,-80.6094,6.8,85,1,6.91
537,Chuy,UY,2021-03-27 02:34:07,-33.6971,-53.4616,68.79,95,100,2.19
538,Punta Arenas,CL,2021-03-27 02:34:07,-53.15,-70.9167,48.2,76,75,10.36
539,Busselton,AU,2021-03-27 02:31:20,-33.65,115.3333,72.0,54,32,1.01
540,Svarstad,NO,2021-03-27 02:34:08,59.399,9.9698,42.01,1,100,5.99
541,Paracatu,BR,2021-03-27 02:34:08,-17.2222,-46.8747,66.76,70,39,0.63
542,Dikson,RU,2021-03-27 02:36:19,73.5069,80.5464,-8.41,99,100,10.27
543,Sorland,NO,2021-03-27 02:36:19,67.667,12.6934,40.87,81,99,14.92
544,Port Elizabeth,ZA,2021-03-27 02:34:08,-33.918,25.5701,66.2,72,0,16.11
545,Salvador,SV,2021-03-27 02:34:09,13.8333,-88.9167,77.0,78,0,2.3
546,Cape Town,ZA,2021-03-27 02:31:27,-33.9258,18.4232,64.0,94,75,2.3
547,Coihaique,CL,2021-03-27 02:36:20,-45.5752,-72.0662,51.8,82,40,2.3
548,Atar,MR,2021-03-27 02:34:09,20.5169,-13.0499,75.88,18,4,7.09
549,Goderich,CA,2021-03-27 02:26:21,43.7501,-81.7165,37.4,81,47,3.44
550,Hermanus,ZA,2021-03-27 02:34:09,-34.4187,19.2345,62.01,93,100,10.09
551,Dudinka,RU,2021-03-27 02:36:21,69.4058,86.1778,21.0,94,100,9.31
552,San Ignacio,BZ,2021-03-27 02:33:28,17.1561,-89.0714,82.4,69,0,6.91
553,Krasnoselkup,RU,2021-03-27 02:36:21,65.7,82.4667,10.94,93,35,11.74
554,Manoel Urbano,BR,2021-03-27 02:34:10,-8.8389,-69.2597,72.81,94,10,2.26
555,Ushuaia,AR,2021-03-27 02:34:10,-54.8,-68.3,46.4,66,75,3.44
556,Zaria,NG,2021-03-27 02:34:11,11.1113,7.7227,70.03,13,18,13.04
557,Leh,IN,2021-03-27 02:36:22,34.1667,77.5833,37.36,43,98,5.06
558,Bredasdorp,ZA,2021-03-27 02:34:11,-34.5322,20.0403,60.8,94,100,9.22
559,Caravelas,BR,2021-03-27 02:34:11,-17.7125,-39.2481,73.63,81,0,3.71
560,Carballo,ES,2021-03-27 02:34:12,43.213,-8.691,39.99,100,0,2.3
561,Namwala,ZM,2021-03-27 02:34:12,-15.7504,26.4384,63.59,96,92,1.28
562,Mahibadhoo,MV,2021-03-27 02:34:12,3.7833,72.9667,82.13,77,95,13.22
563,Paamiut,GL,2021-03-27 02:36:23,61.994,-49.6678,-6.52,83,3,21.7
564,Manaus,BR,2021-03-27 02:34:13,-3.1019,-60.025,78.8,83,40,6.91
565,Tasiilaq,GL,2021-03-27 02:34:13,65.6145,-37.6368,6.8,56,90,9.22
566,Sao Filipe,CV,2021-03-27 02:34:13,14.8961,-24.4956,69.66,77,0,14.34
567,Souillac,MU,2021-03-27 02:36:23,-20.5167,57.5167,73.4,94,20,6.91
568,Subate,LV,2021-03-27 02:34:14,56.0062,25.9076,37.98,85,68,4.74
569,Saint George,US,2021-03-27 02:29:44,37.1041,-113.5841,55.99,26,1,18.41
570,Gigante,CO,2021-03-27 02:34:14,2.3868,-75.5453,68.43,89,100,3.24
571,Torbay,CA,2021-03-27 02:36:24,47.6666,-52.7314,33.01,100,90,16.11
572,Narsaq,GL,2021-03-27 02:36:25,60.9167,-46.05,6.8,40,75,12.66
573,Vuktyl,RU,2021-03-27 02:34:15,63.8567,57.3094,16.57,95,88,5.57
574,Itacare,BR,2021-03-27 02:34:15,-14.2775,-38.9967,75.2,94,20,3.44
575,Talara,PE,2021-03-27 02:34:15,-4.5772,-81.2719,71.85,80,94,10.38
576,Korla,CN,2021-03-27 02:34:15,41.7597,86.1469,58.78,27,100,9.89
577,Mar Del Plata,AR,2021-03-27 02:29:52,-38.0023,-57.5575,64.0,82,90,20.71
578,Nyzhni Sirohozy,UA,2021-03-27 02:34:16,46.8484,34.3804,34.21,91,18,6.96
579,Comodoro Rivadavia,AR,2021-03-27 02:34:04,-45.8667,-67.5,53.6,82,0,2.3
580,Kedougou,SN,2021-03-27 02:34:16,12.5579,-12.1743,82.15,16,0,2.46
581,Viransehir,TR,2021-03-27 02:34:17,37.2353,39.7631,35.69,89,28,10.47
582,Victoria,HK,2021-03-27 02:34:17,22.2855,114.1577,78.01,80,100,8.86
583,East London,ZA,2021-03-27 02:29:45,-33.0153,27.9116,69.93,76,81,18.41
584,Krasnoarmeysk,RU,2021-03-27 02:34:17,51.0239,45.6969,34.0,54,100,1.99
585,San Borja,BO,2021-03-27 02:34:18,-14.8167,-66.85,72.27,98,79,1.61
586,Sao Miguel Do Araguaia,BR,2021-03-27 02:34:18,-13.275,-50.1628,73.11,70,87,3.4
587,Saint-Louis,SN,2021-03-27 02:34:18,16.3333,-15.0,74.39,40,0,9.75
588,Muros,ES,2021-03-27 02:36:26,42.7762,-9.0603,41.0,93,0,10.69
589,Upernavik,GL,2021-03-27 02:36:27,72.7868,-56.1549,-33.45,78,2,3.29
590,Salalah,OM,2021-03-27 02:34:19,17.0151,54.0924,73.4,27,0,3.44
591,Treinta Y Tres,UY,2021-03-27 02:34:19,-33.2333,-54.3833,68.25,96,87,5.75
592,Gunjur,GM,2021-03-27 02:34:19,13.2019,-16.7339,73.4,64,0,6.91
593,Burgeo,CA,2021-03-27 02:36:27,47.6167,-57.6152,33.53,92,100,27.22
594,Puri,IN,2021-03-27 02:30:28,19.8,85.85,80.6,78,40,2.3
595,Kedgwick,CA,2021-03-27 02:34:20,47.6446,-67.3434,27.07,95,100,13.87
596,Castro,BR,2021-03-27 02:36:28,-24.7911,-50.0119,64.96,89,70,1.66
597,Kavaratti,IN,2021-03-27 02:36:28,10.5669,72.642,83.12,74,100,4.81
598,Tres Arroyos,AR,2021-03-27 02:34:20,-38.3739,-60.2798,58.68,81,100,13.53
599,Kozhva,RU,2021-03-27 02:34:21,65.1073,57.0459,14.05,95,68,5.97
600,Dindori,IN,2021-03-27 02:34:21,22.95,81.0833,84.36,10,0,2.62
601,Walvis Bay,NA,2021-03-27 02:36:28,-22.9575,14.5053,61.0,94,11,2.3
602,Koslan,RU,2021-03-27 02:34:21,63.4564,48.8989,18.19,98,89,2.77
603,Bougouni,ML,2021-03-27 02:34:22,11.417,-7.479,77.99,15,10,4.83
604,Trelew,AR,2021-03-27 02:30:46,-43.249,-65.3051,58.51,62,55,7.29
605,Carnarvon,AU,2021-03-27 02:36:29,-24.8667,113.6333,82.4,51,86,11.5
606,Sisimiut,GL,2021-03-27 02:34:22,66.9395,-53.6735,-11.88,95,67,10.96
607,Faya,SA,2021-03-27 02:34:22,18.3851,42.4509,60.8,63,0,1.95
608,Turukhansk,RU,2021-03-27 02:36:29,65.8167,87.9833,25.48,95,100,13.11
609,Tera,NE,2021-03-27 02:34:23,14.0078,0.7531,78.6,12,0,14.74
610,Tauberbischofsheim,DE,2021-03-27 02:34:23,49.6247,9.6628,50.0,73,100,5.01
611,Monte Alegre De Minas,BR,2021-03-27 02:34:23,-18.8706,-48.8808,75.2,50,0,2.3
612,Moussoro,TD,2021-03-27 02:34:24,13.6408,16.4901,71.49,19,57,18.48
613,Lucapa,AO,2021-03-27 02:34:24,-8.4192,20.7447,63.61,98,100,2.33
614,Port-Gentil,GA,2021-03-27 02:33:31,-0.7193,8.7815,80.65,76,100,8.43
615,Cidreira,BR,2021-03-27 02:34:24,-30.1811,-50.2056,70.45,91,100,7.96
616,Peniche,PT,2021-03-27 02:34:24,39.3558,-9.3811,53.01,83,98,1.01
617,Kutum,SD,2021-03-27 02:34:25,14.2,24.6667,62.96,20,97,12.82
618,Boda,CF,2021-03-27 02:34:25,4.3189,17.4695,68.09,85,91,1.92
619,Bambous Virieux,MU,2021-03-27 02:30:10,-20.3428,57.7575,75.99,94,20,6.91
620,Kintinku,TZ,2021-03-27 02:34:26,-5.8833,35.2333,64.4,94,75,1.54
621,Arraial Do Cabo,BR,2021-03-27 02:30:26,-22.9661,-42.0278,78.8,78,0,9.22
622,Natal,BR,2021-03-27 02:34:26,-5.795,-35.2094,75.2,88,75,8.05
623,Vila Franca Do Campo,PT,2021-03-27 02:34:26,37.7167,-25.4333,55.4,76,20,2.3
624,Ribeira Brava,PT,2021-03-27 02:34:27,32.65,-17.0667,64.4,88,40,9.22
625,Susanino,RU,2021-03-27 02:34:27,58.1461,41.5872,30.24,98,100,2.82
626,Prieska,ZA,2021-03-27 02:34:27,-29.6641,22.7474,65.34,49,56,7.65
627,Tambovka,RU,2021-03-27 02:34:28,50.0969,128.0489,33.8,100,90,2.24
628,Kirkland Lake,CA,2021-03-27 02:35:49,48.1446,-80.0377,26.6,74,44,5.26
629,Ilulissat,GL,2021-03-27 02:34:28,69.2167,-51.1,-16.6,43,18,2.3
630,Ostersund,SE,2021-03-27 02:34:28,63.1792,14.6357,39.2,81,90,14.97
631,Luderitz,NA,2021-03-27 02:34:29,-26.6481,15.1594,61.12,81,0,9.46
632,Pangnirtung,CA,2021-03-27 02:36:32,66.1451,-65.7125,-23.24,82,9,5.64
633,Horadiz,AZ,2021-03-27 02:34:29,39.4488,47.3353,42.8,100,20,4.61
634,Inhambane,MZ,2021-03-27 02:34:29,-23.865,35.3833,72.99,88,12,6.6
635,Sinazongwe,ZM,2021-03-27 02:34:30,-17.2614,27.4618,72.41,79,44,2.01
636,Upata,VE,2021-03-27 02:34:30,8.0086,-62.3989,75.0,90,81,3.0
637,Olafsvik,IS,2021-03-27 02:36:33,64.8945,-23.7142,18.14,60,94,11.68
638,Boyuibe,BO,2021-03-27 02:34:30,-20.4167,-63.2833,70.9,87,100,2.51
639,Albany,US,2021-03-27 02:36:33,42.6001,-73.9662,48.0,84,100,1.99
640,Ericeira,PT,2021-03-27 02:34:31,38.9627,-9.4156,54.0,93,100,11.27
641,Huarmey,PE,2021-03-27 02:36:33,-10.0681,-78.1522,70.59,81,86,6.58
642,Porto Velho,BR,2021-03-27 02:32:40,-8.7619,-63.9039,77.0,94,20,1.86
643,Yuzhno-Sukhokumsk,RU,2021-03-27 02:34:31,44.6581,45.6436,37.42,80,99,12.1
644,Lagoa,PT,2021-03-27 02:36:34,39.05,-27.9833,56.91,63,98,9.04
645,Gberia Fotombu,SL,2021-03-27 02:34:32,9.8833,-11.1667,71.65,62,2,5.23
646,Iqaluit,CA,2021-03-27 02:34:55,63.7506,-68.5145,-20.0,69,1,10.36
647,Bosaso,SO,2021-03-27 02:34:32,11.2842,49.1816,76.1,64,77,5.12
648,Manama,BH,2021-03-27 02:34:07,26.2154,50.5832,77.0,57,0,6.91
649,Kyzyl-Suu,KG,2021-03-27 02:34:32,42.3414,78.0056,43.0,83,100,4.61
650,Beroroha,MG,2021-03-27 02:34:33,-21.6667,45.1667,68.41,95,0,1.12
651,Longyearbyen,SJ,2021-03-27 02:34:33,78.2186,15.6401,17.6,73,20,28.77
652,Lizzanello,IT,2021-03-27 02:34:33,40.3041,18.2225,44.01,100,0,4.61
653,Terra Boa,BR,2021-03-27 02:34:34,-23.7681,-52.4442,75.2,73,0,6.91
654,Mahebourg,MU,2021-03-27 02:34:34,-20.4081,57.7,73.4,94,20,6.91
655,Marsh Harbour,BS,2021-03-27 02:34:34,26.5412,-77.0636,75.67,77,29,10.63
656,Tambura,SS,2021-03-27 02:34:34,5.6,27.4667,66.99,96,83,4.74
657,Husavik,IS,2021-03-27 02:34:35,66.0449,-17.3389,15.8,73,40,2.3
658,Mana,GF,2021-03-27 02:36:36,5.6592,-53.7767,76.91,83,13,9.04
659,Maniitsoq,GL,2021-03-27 02:36:36,65.4167,-52.9,-13.29,82,25,10.65
660,Aasiaat,GL,2021-03-27 02:34:35,68.7098,-52.8699,-19.28,99,100,3.29
661,Ekibastuz,KZ,2021-03-27 02:34:36,51.6667,75.3667,29.53,93,100,7.63
662,Tutoia,BR,2021-03-27 02:34:36,-2.7619,-42.2744,74.8,92,100,5.93
663,Dalbandin,PK,2021-03-27 02:34:36,28.8947,64.4101,78.87,13,0,3.44
664,Namibe,AO,2021-03-27 02:34:36,-15.1961,12.1522,73.76,80,83,5.97
665,Lebu,CL,2021-03-27 02:36:37,-37.6167,-73.65,54.19,81,74,17.47
666,Los Llanos De Aridane,ES,2021-03-27 02:36:37,28.6585,-17.9182,68.0,60,75,3.44
667,Bakel,SN,2021-03-27 02:34:37,14.905,-12.4568,84.65,8,2,13.31
668,Gamba,GA,2021-03-27 02:34:37,-2.65,10.0,76.15,86,100,4.76
669,Porbandar,IN,2021-03-27 02:34:38,21.6422,69.6093,81.28,52,3,8.84
670,Belyy Yar,RU,2021-03-27 02:36:38,53.6039,91.3903,23.0,80,11,4.16
671,Saint-Pierre,RE,2021-03-27 02:34:38,-21.3393,55.4781,75.2,73,67,5.75
672,Vigrestad,NO,2021-03-27 02:34:38,58.5667,5.7,39.99,96,100,1.99
673,Abu Kamal,SY,2021-03-27 02:34:39,34.4506,40.9171,48.18,36,2,19.66
674,Gazojak,TM,2021-03-27 02:34:39,41.1875,61.4036,52.41,68,47,9.62
675,Saint-Leu,RE,2021-03-27 02:34:39,-21.15,55.2833,75.2,73,71,5.75
676,Saldanha,ZA,2021-03-27 02:34:39,-33.0117,17.9442,64.4,88,90,14.05
677,Ormstown,CA,2021-03-27 02:34:40,45.1334,-73.9992,39.2,93,100,10.36
678,Georgetown,MY,2021-03-27 02:34:40,5.4112,100.3354,84.2,78,20,5.75
679,Lazurne,UA,2021-03-27 02:34:40,46.084,32.5295,32.0,80,0,8.95
680,Ribeira Grande,PT,2021-03-27 02:29:44,38.5167,-28.7,57.7,63,86,6.69
681,Oxelosund,SE,2021-03-27 02:34:41,58.6706,17.1015,39.2,93,0,5.75
682,Kudahuvadhoo,MV,2021-03-27 02:34:41,2.6708,72.8944,80.62,79,100,11.54
683,Sindou,BF,2021-03-27 02:34:41,10.6667,-5.1667,81.34,14,1,6.76
684,General Roca,AR,2021-03-27 02:34:42,-39.0333,-67.5833,55.4,67,0,6.71
685,Barra Do Garcas,BR,2021-03-27 02:34:42,-15.89,-52.2567,73.54,73,48,0.92
686,Chanika,TZ,2021-03-27 02:34:42,-5.4167,38.0167,67.69,95,100,4.45
687,Paldiski,EE,2021-03-27 02:34:43,59.3567,24.0531,37.99,100,20,2.3
688,Santa Cruz De Tenerife,ES,2021-03-27 02:34:31,28.4682,-16.2546,64.99,87,0,5.75
689,Santa Fe,AR,2021-03-27 02:34:43,-31.6333,-60.7,58.73,82,14,12.41
690,Richards Bay,ZA,2021-03-27 02:34:43,-28.783,32.0377,67.41,89,82,4.09
691,Tpig,RU,2021-03-27 02:34:43,41.7801,47.589,21.0,86,31,1.97
692,Clyde River,CA,2021-03-27 02:34:44,70.4692,-68.5914,-11.2,58,1,3.44
693,Macas,EC,2021-03-27 02:30:52,-2.3167,-78.1167,67.46,98,98,2.3
694,Bandarbeyla,SO,2021-03-27 02:34:44,9.4942,50.8122,76.5,75,100,9.28
695,Maldonado,UY,2021-03-27 02:34:44,-34.6667,-54.9167,69.8,100,75,4.61
696,Batticaloa,LK,2021-03-27 02:32:06,7.7102,81.6924,82.17,78,98,5.21
697,Bogande,BF,2021-03-27 02:34:45,12.9714,-0.1436,79.83,17,3,9.44
698,Raudeberg,NO,2021-03-27 02:34:45,61.9875,5.1352,39.99,82,100,17.67
699,Grand Gaube,MU,2021-03-27 02:29:59,-20.0064,57.6608,75.99,86,11,1.61
700,Bahia Blanca,AR,2021-03-27 02:34:46,-38.7196,-62.2724,60.48,66,100,11.5
701,Sayyan,YE,2021-03-27 02:34:46,15.1718,44.3244,52.05,15,15,3.42
702,Bathsheba,BB,2021-03-27 02:34:46,13.2167,-59.5167,77.0,65,20,21.85
703,Sandwick,GB,2021-03-27 02:34:47,60.0,-1.25,39.2,75,34,3.44
704,Berlevag,NO,2021-03-27 02:36:41,70.8578,29.0864,34.47,80,93,27.67
705,Butembo,CD,2021-03-27 02:34:47,0.15,29.2833,55.96,96,100,2.91
706,Nador,MA,2021-03-27 02:36:42,35.174,-2.9287,51.8,71,0,1.14
707,Chacabuco,AR,2021-03-27 02:31:45,-34.6417,-60.4739,64.0,66,100,3.0
708,Santa Maria,BR,2021-03-27 02:34:48,-29.6842,-53.8069,69.8,100,40,2.3
709,Muzhi,RU,2021-03-27 02:36:42,65.3667,64.6667,11.64,78,7,12.62
710,Geraldton,AU,2021-03-27 02:36:42,-28.7667,114.6,77.0,44,0,17.27
711,Arlit,NE,2021-03-27 02:34:48,18.7369,7.3853,63.14,15,0,10.85
712,Warrington,GB,2021-03-27 02:34:07,53.3925,-2.5802,42.8,70,90,24.16
713,Pudozh,RU,2021-03-27 02:34:48,61.8099,36.5345,31.32,99,100,1.57
714,George Town,MY,2021-03-27 02:34:40,5.4112,100.3354,84.2,78,20,5.75
715,Braniewo,PL,2021-03-27 02:34:49,54.3797,19.8196,42.24,82,33,12.86
716,Quatre Cocos,MU,2021-03-27 02:34:49,-20.2078,57.7625,75.99,94,20,6.91
717,Jumla,NP,2021-03-27 02:36:43,29.2747,82.1838,59.99,25,0,1.03
718,Vangaindrano,MG,2021-03-27 02:34:49,-23.35,47.6,70.97,95,23,3.22
719,Saint Anthony,US,2021-03-27 02:34:50,45.0205,-93.218,45.0,57,90,5.75
720,Acarau,BR,2021-03-27 02:34:50,-2.8856,-40.12,76.21,87,98,4.18
721,Guaruja,BR,2021-03-27 02:34:50,-23.9931,-46.2564,82.99,26,1,1.99
722,Plonsk,PL,2021-03-27 02:34:51,52.6235,20.3755,42.8,61,0,9.22
723,Vestmannaeyjar,IS,2021-03-27 02:34:51,63.4427,-20.2734,21.16,56,12,10.25
724,Xudat,AZ,2021-03-27 02:34:51,41.631,48.681,42.22,92,100,4.47
725,Soyo,AO,2021-03-27 02:36:44,-6.1349,12.3689,77.5,82,100,4.59
726,Mineiros,BR,2021-03-27 02:34:52,-17.5694,-52.5511,68.61,76,66,3.8
727,Lembeni,TZ,2021-03-27 02:34:52,-3.7833,37.6167,67.84,88,100,1.83
728,Laguna,US,2021-03-27 02:32:59,38.421,-121.4238,69.8,18,1,9.22
729,Timizart,DZ,2021-03-27 02:34:52,36.8,4.2667,56.12,43,100,6.78
730,Dingle,PH,2021-03-27 02:36:45,10.9995,122.6711,87.33,61,87,12.33
731,Campestre,BR,2021-03-27 02:34:53,-21.7111,-46.2464,63.16,88,0,1.86
732,Porto-Vecchio,FR,2021-03-27 02:34:53,41.591,9.2795,50.0,100,0,4.61
733,Ostrovnoy,RU,2021-03-27 02:34:53,68.0531,39.5131,22.86,95,50,23.38
734,Yar-Sale,RU,2021-03-27 02:36:45,66.8333,70.8333,4.23,91,85,14.58
735,Marigot,MF,2021-03-27 02:34:54,18.0667,-63.0833,78.01,73,20,16.11
736,Kaputa,ZM,2021-03-27 02:34:54,-8.4689,29.6619,64.76,90,70,3.4
737,Veraval,IN,2021-03-27 02:30:42,20.9,70.3667,83.64,38,5,9.06
738,Sur,OM,2021-03-27 02:34:54,22.5667,59.5289,80.91,49,99,1.72
739,Vila Velha,BR,2021-03-27 02:36:46,-20.3297,-40.2925,75.2,88,0,2.3
740,Bafoulabe,ML,2021-03-27 02:34:55,13.8065,-10.8321,86.95,5,1,8.63
741,Bengkulu,ID,2021-03-27 02:30:05,-3.8004,102.2655,83.79,69,100,2.26
742,Nurota,UZ,2021-03-27 02:34:55,40.5614,65.6886,57.2,94,42,11.5
743,Umm Lajj,SA,2021-03-27 02:34:55,25.0213,37.2685,67.19,49,0,15.99
744,Kudymkar,RU,2021-03-27 02:31:17,59.0173,54.656,29.35,94,100,6.22
745,Asekeyevo,RU,2021-03-27 02:34:56,53.5742,52.7972,31.53,91,100,3.47
746,Riyadh,SA,2021-03-27 02:36:47,24.6877,46.7219,80.6,17,0,9.22
747,Qaanaaq,GL,2021-03-27 02:30:08,77.484,-69.3632,-9.65,69,100,4.7
748,Nioro,GM,2021-03-27 02:34:56,13.35,-15.75,76.8,33,0,7.2
749,Tanout,NE,2021-03-27 02:34:57,14.9709,8.8879,63.55,14,3,17.56
750,Rancharia,BR,2021-03-27 02:34:57,-22.2292,-50.8931,77.0,65,0,2.3
751,Iona,US,2021-03-27 02:34:57,26.5204,-81.964,78.8,73,90,5.75
752,Salym,RU,2021-03-27 02:34:57,60.0625,71.4789,32.22,97,100,4.0
753,Nuuk,GL,2021-03-27 02:36:48,64.1835,-51.7216,-16.24,74,3,16.11
754,Iquique,CL,2021-03-27 02:34:58,-20.2208,-70.1431,68.0,64,0,4.61
755,Urumqi,CN,2021-03-27 02:33:01,43.801,87.6005,48.2,71,0,6.71
756,Fomboni,KM,2021-03-27 02:34:58,-12.28,43.7425,82.99,72,47,6.04
757,Lodeynoye Pole,RU,2021-03-27 02:34:59,60.726,33.5531,31.84,98,100,1.77
758,Khed Brahma,IN,2021-03-27 02:34:59,24.0333,73.05,85.12,14,0,1.1
759,Praia Da Vitoria,PT,2021-03-27 02:36:48,38.7333,-27.0667,52.0,82,0,6.26
760,Issoire,FR,2021-03-27 02:34:59,45.55,3.25,44.6,65,75,2.3
761,Ajaccio,FR,2021-03-27 02:30:29,42.0,8.9167,44.6,81,0,8.05
762,Pulaski,US,2021-03-27 02:35:00,34.7668,-92.3001,62.01,72,1,8.05
763,Dreux,FR,2021-03-27 02:35:00,48.6667,1.25,37.99,87,0,11.5
764,Maridi,SS,2021-03-27 02:35:00,4.9158,29.4742,66.99,91,98,7.85
765,Adrar,MR,2021-03-27 02:35:00,20.5022,-10.0711,70.95,7,0,10.83
766,Frutal,BR,2021-03-27 02:35:01,-20.0247,-48.9406,76.55,55,70,4.03
767,Hamilton,US,2021-03-27 02:36:49,39.1834,-84.5333,50.0,87,1,2.53
768,Reconquista,AR,2021-03-27 02:35:01,-29.15,-59.65,67.57,93,100,11.81
769,Tamandare,BR,2021-03-27 02:34:33,-8.7597,-35.1047,77.2,84,100,4.79
770,Forestville,US,2021-03-27 02:35:02,38.8451,-76.875,64.4,48,1,11.5
771,Lypnyazhka,UA,2021-03-27 02:35:02,48.4469,31.0761,40.19,80,100,5.79
772,Sao Joaquim,BR,2021-03-27 02:35:02,-28.2939,-49.9317,56.8,98,100,1.16
773,Tosya,TR,2021-03-27 02:35:02,41.0155,34.0401,31.66,91,98,4.34
774,Henties Bay,NA,2021-03-27 02:36:50,-22.116,14.2845,61.0,95,90,3.0
775,Garowe,SO,2021-03-27 02:35:03,8.4054,48.4845,66.87,91,18,7.11
776,Phalombe,MW,2021-03-27 02:35:03,-15.8064,35.6507,65.08,93,0,0.34
777,Cape Canaveral,US,2021-03-27 02:35:04,28.4058,-80.6048,77.0,88,1,9.22
778,Pascagoula,US,2021-03-27 02:32:30,30.3658,-88.5561,73.4,94,90,4.61
779,Maceio,BR,2021-03-27 02:32:40,-9.6658,-35.7353,73.4,100,75,5.75
780,Najran,SA,2021-03-27 02:36:51,17.4924,44.1277,64.4,22,0,4.61
781,Rocha,UY,2021-03-27 02:35:04,-34.4833,-54.3333,67.21,96,87,3.69
782,Bonthe,SL,2021-03-27 02:35:04,7.5264,-12.505,77.18,91,17,4.94
783,Valparaiso,CL,2021-03-27 02:35:05,-33.0393,-71.6273,51.8,93,0,2.3
784,Taltal,CL,2021-03-27 02:36:52,-25.4,-70.4833,65.73,74,0,4.29
785,Aranos,NA,2021-03-27 02:35:05,-24.1333,19.1167,64.53,48,1,8.93
786,Merrill,US,2021-03-27 02:35:05,45.1805,-89.6835,35.6,80,1,2.98
787,Benghazi,LY,2021-03-27 02:35:06,32.1167,20.0667,55.13,60,27,2.82
788,Grindavik,IS,2021-03-27 02:36:52,63.8424,-22.4338,19.4,53,0,10.36
789,Bantry,IE,2021-03-27 02:35:06,51.6833,-9.45,33.8,93,40,9.22
790,Rio Grande,BR,2021-03-27 02:36:53,-32.035,-52.0986,69.01,96,91,8.95
791,Sozimskiy,RU,2021-03-27 02:35:06,59.7418,52.2482,29.8,95,100,5.44
792,Romitan,UZ,2021-03-27 02:35:07,39.9343,64.3814,57.2,94,75,6.91
793,Puerto Gaitan,CO,2021-03-27 02:35:07,4.3133,-72.0816,76.96,81,100,2.98
794,Baherden,TM,2021-03-27 02:35:07,38.4362,57.4316,57.07,66,9,2.42
795,Pribinic,BA,2021-03-27 02:35:08,44.6106,17.6906,42.03,71,0,4.65
796,Cabedelo,BR,2021-03-27 02:31:11,-6.9811,-34.8339,75.2,100,40,4.61
797,Sopot,PL,2021-03-27 02:35:08,54.4418,18.56,46.4,71,99,8.05
798,Skjervoy,NO,2021-03-27 02:35:08,70.0311,20.9714,36.73,74,10,17.13
799,Velez-Malaga,ES,2021-03-27 02:35:08,36.7726,-4.1005,57.0,70,46,4.92
800,Amot,NO,2021-03-27 02:35:09,59.5714,7.9877,43.0,89,100,4.0
801,Ilek,RU,2021-03-27 02:35:09,51.5271,53.3831,20.98,95,99,6.96
802,Kyabe,TD,2021-03-27 02:35:09,9.4515,18.9449,77.45,57,67,4.59
803,Rawson,AR,2021-03-27 02:35:10,-43.3002,-65.1023,59.25,65,68,7.18
804,Vertientes,CU,2021-03-27 02:35:10,21.2594,-78.1464,75.2,83,0,13.8
805,Pavullo Nel Frignano,IT,2021-03-27 02:35:10,44.3315,10.835,48.99,86,100,33.38
806,Vaxjo,SE,2021-03-27 02:35:11,56.8777,14.8091,41.0,87,75,9.22
807,Weligama,LK,2021-03-27 02:35:11,5.9667,80.4167,81.14,76,100,8.75
808,Sinnamary,GF,2021-03-27 02:36:54,5.3833,-52.95,77.04,85,27,10.51
809,Zelenoborsk,RU,2021-03-27 02:35:11,61.4669,64.0333,24.37,93,17,8.46
810,Vihti,FI,2021-03-27 02:35:11,60.417,24.3197,34.0,100,96,5.99
811,Shache,CN,2021-03-27 02:36:56,38.4167,77.2406,64.22,21,46,3.91
812,Sambir,UA,2021-03-27 02:35:12,49.5183,23.1975,39.0,86,11,6.71
813,West Bay,KY,2021-03-27 02:35:12,19.3667,-81.4167,79.0,83,20,5.75
814,Carepa,CO,2021-03-27 02:35:12,7.7585,-76.6525,74.14,98,100,0.43
815,Punta Alta,AR,2021-03-27 02:35:13,-38.8759,-62.0736,61.21,63,97,15.32
816,Panaba,MX,2021-03-27 02:35:13,21.2833,-88.2667,76.32,76,0,9.98
817,Nara,JP,2021-03-27 02:36:56,34.6851,135.8049,66.0,39,75,1.14
818,Raga,SS,2021-03-27 02:35:13,8.4596,25.678,71.82,77,97,3.78
819,Rehoboth,NA,2021-03-27 02:35:14,-23.3167,17.0833,63.28,47,0,3.96
820,Qasigiannguit,GL,2021-03-27 02:36:57,68.8193,-51.1922,-16.6,43,17,2.3
821,Kruisfontein,ZA,2021-03-27 02:30:53,-34.0033,24.7314,63.0,76,0,1.01
822,Bayir,TR,2021-03-27 02:35:14,37.2687,28.2167,33.8,86,0,3.44
823,Safita,SY,2021-03-27 02:35:15,34.8205,36.1153,48.0,73,63,1.99
824,Taoudenni,ML,2021-03-27 02:35:15,22.6783,-3.9836,69.48,10,0,12.08
825,Terrace Bay,CA,2021-03-27 02:35:15,48.7834,-87.1,26.6,74,84,3.44
826,Bukama,CD,2021-03-27 02:35:15,-9.2,25.85,66.56,98,99,0.72
827,Quelimane,MZ,2021-03-27 02:35:16,-17.8786,36.8883,75.2,94,0,3.85
828,Hualmay,PE,2021-03-27 02:35:16,-11.0964,-77.6139,69.51,83,76,6.6
829,Senekal,ZA,2021-03-27 02:35:16,-28.3197,27.6208,53.55,60,14,1.83
830,Cayenne,GF,2021-03-27 02:36:58,4.9333,-52.3333,80.01,83,40,8.05
831,Mangrol,IN,2021-03-27 02:36:58,21.1167,70.1167,82.74,43,5,11.1
832,Le Havre,FR,2021-03-27 02:35:17,49.4938,0.1077,42.8,87,90,18.41
833,Kapoeta,SS,2021-03-27 02:35:17,4.7717,33.5903,78.37,51,94,4.03
834,Bossangoa,CF,2021-03-27 02:35:17,6.4926,17.4552,68.88,77,88,3.98
835,Bonfim,BR,2021-03-27 02:35:18,3.0833,-59.95,78.78,72,77,9.15
836,Zarechnyy,RU,2021-03-27 02:35:18,53.2036,45.1923,37.99,41,100,5.03
837,Aksu,CN,2021-03-27 02:35:18,41.1231,80.2644,61.21,22,96,4.45
838,Encruzilhada,BR,2021-03-27 02:35:19,-15.5314,-40.9094,61.92,95,0,4.36
839,Sal Rei,CV,2021-03-27 02:35:19,16.1833,-22.9167,68.0,73,75,18.41
840,Alacranes,CU,2021-03-27 02:35:19,22.7675,-81.5675,75.2,64,1,5.75
841,Itacoatiara,BR,2021-03-27 02:35:19,-3.1431,-58.4442,73.35,96,96,2.59
842,Moengo,SR,2021-03-27 02:35:20,5.6167,-54.4,72.34,94,22,2.42
843,Alvaraes,BR,2021-03-27 02:35:20,-3.2208,-64.8042,72.84,98,99,3.06
844,Puerto Ayora,EC,2021-03-27 02:37:00,-0.7393,-90.3518,77.0,90,22,1.01
845,Kalyazin,RU,2021-03-27 02:35:20,57.2403,37.8433,32.43,98,99,4.18
846,Santa Cruz,BO,2021-03-27 02:33:07,-17.8,-63.1667,75.2,94,75,4.61
847,Gubkinskiy,RU,2021-03-27 02:35:21,64.434,76.5026,8.1,87,22,9.04
848,Lasa,IT,2021-03-27 02:37:01,46.6166,10.7002,50.0,93,0,4.61
849,Ous,RU,2021-03-27 02:35:21,60.9058,61.5186,25.59,81,8,9.22
850,Hauterive,FR,2021-03-27 02:35:22,46.0901,3.4459,44.6,65,75,2.3
851,Ribeirao Branco,BR,2021-03-27 02:35:22,-24.2208,-48.7656,64.11,94,99,2.01
852,Saint-Andre-Les-Vergers,FR,2021-03-27 02:35:22,48.2853,4.0521,41.0,87,0,14.97
853,Bay Roberts,CA,2021-03-27 02:37:01,47.5999,-53.2648,33.01,93,100,5.01
854,Cockburn Town,TC,2021-03-27 02:35:23,21.4612,-71.1419,77.49,75,2,22.26
855,Newtonmore,GB,2021-03-27 02:35:23,57.066,-4.1192,37.4,87,75,11.5
856,Kayes,ML,2021-03-27 02:35:23,14.0,-11.0,85.66,5,2,9.69
857,Ponte De Sor,PT,2021-03-27 02:35:23,39.2496,-8.0101,51.01,80,96,1.01
858,Blagoyevo,RU,2021-03-27 02:35:24,63.3667,47.9167,16.11,98,86,2.51
859,Xuddur,SO,2021-03-27 02:37:02,4.1213,43.8894,68.05,89,33,13.85
860,Sambava,MG,2021-03-27 02:37:02,-14.2667,50.1667,76.17,89,99,3.74
861,Torbeyevo,RU,2021-03-27 02:35:24,54.0797,43.2473,32.32,99,100,5.73
862,Port-Cartier,CA,2021-03-27 02:35:24,50.0334,-66.8654,28.4,54,90,11.5
863,Marawi,PH,2021-03-27 02:35:25,7.9986,124.2928,82.99,78,100,5.01
864,El Cobre,CU,2021-03-27 02:35:25,20.0489,-75.9469,78.8,61,20,4.61
865,Sao Jose Da Coroa Grande,BR,2021-03-27 02:35:25,-8.8978,-35.1478,77.38,83,100,5.5
866,Saint-Augustin,CA,2021-03-27 02:35:26,51.226,-58.6502,14.34,78,100,17.47
867,Bahar,IR,2021-03-27 02:35:26,34.9072,48.4414,42.76,46,2,5.01
868,Havre-Saint-Pierre,CA,2021-03-27 02:35:26,50.2334,-63.5986,26.6,59,90,27.63
869,Bure,ET,2021-03-27 02:35:27,10.7,37.0667,60.42,24,82,3.24
870,Vardo,NO,2021-03-27 02:35:27,70.3705,31.1107,34.18,83,98,22.86
871,Cantagallo,CO,2021-03-27 02:35:27,7.376,-73.9196,76.69,87,98,1.3
872,Libenge,CD,2021-03-27 02:35:28,3.65,18.6333,68.68,93,97,2.8
873,East Retford,GB,2021-03-27 02:35:28,53.3221,-0.9432,37.99,81,20,9.22
874,Plettenberg Bay,ZA,2021-03-27 02:37:04,-34.0527,23.3716,62.83,89,17,7.92
875,Carutapera,BR,2021-03-27 02:37:04,-1.195,-46.02,73.26,95,100,1.9
876,Gasa,PS,2021-03-27 02:35:28,31.5,34.4667,50.0,100,37,1.99
877,Tarut,SA,2021-03-27 02:35:29,26.5733,50.0369,71.6,68,0,10.36
878,Moanda,GA,2021-03-27 02:35:29,-1.5575,13.2178,69.82,98,100,2.68
879,Honavar,IN,2021-03-27 02:32:47,14.2833,74.45,85.21,67,87,2.59
880,Nova Olinda Do Norte,BR,2021-03-27 02:35:29,-3.8881,-59.0942,72.54,97,91,2.46
881,Shemursha,RU,2021-03-27 02:35:30,54.8866,47.5189,32.11,98,100,7.63
882,Marienburg,PL,2021-03-27 02:35:30,54.0359,19.0266,46.99,69,82,12.08
883,San Clemente,US,2021-03-27 02:35:30,33.427,-117.612,57.0,74,0,7.9
884,Shenkursk,RU,2021-03-27 02:35:31,62.1091,42.896,26.13,98,97,2.42
885,Altay,CN,2021-03-27 02:35:31,47.8667,88.1167,36.16,49,68,2.17
886,Camacha,PT,2021-03-27 02:35:31,33.0833,-16.3333,62.6,94,40,14.97
887,Zhezkazgan,KZ,2021-03-27 02:35:32,47.8043,67.7144,33.76,99,100,5.01
888,Alakurtti,RU,2021-03-27 02:35:32,66.9672,30.3491,30.96,95,100,4.41
889,Ritchie,ZA,2021-03-27 02:35:32,-29.038,24.6028,57.2,88,37,4.61
890,Antofagasta,CL,2021-03-27 02:35:12,-23.65,-70.4,60.8,88,75,9.22
891,Viedma,AR,2021-03-27 02:37:06,-40.8135,-62.9967,53.73,65,16,5.3
892,Bonito,BR,2021-03-27 02:32:02,-21.1211,-56.4819,74.91,54,13,2.98
893,Gulu,UG,2021-03-27 02:35:33,2.7746,32.299,64.02,83,100,3.85
894,Tiznit,MA,2021-03-27 02:37:06,29.5833,-9.5,67.93,13,96,23.76
895,Saint-Joseph,RE,2021-03-27 02:35:33,-21.3667,55.6167,75.2,73,63,5.75
896,Port Blair,IN,2021-03-27 02:35:33,11.6667,92.75,86.27,64,73,12.08
897,Tougue,GN,2021-03-27 02:35:16,11.4667,-11.6,73.11,19,2,2.39
898,Lagdo,CM,2021-03-27 02:35:34,9.05,13.7333,78.69,19,100,2.82
899,Ancud,CL,2021-03-27 02:35:34,-41.8697,-73.8203,51.01,93,20,2.3
900,Takoradi,GH,2021-03-27 02:35:34,4.8845,-1.7554,78.8,86,5,7.16
901,Necochea,AR,2021-03-27 02:35:35,-38.5473,-58.7368,61.0,84,100,8.01
902,Seinajoki,FI,2021-03-27 02:35:35,62.7945,22.8282,37.4,87,90,5.75
903,Murmashi,RU,2021-03-27 02:35:35,68.8154,32.8115,23.0,86,0,4.47
904,Darnah,LY,2021-03-27 02:35:36,32.767,22.6367,51.78,66,5,7.67
905,Virginia Beach,US,2021-03-27 02:31:35,36.8529,-75.978,75.2,64,20,8.05
906,Chapais,CA,2021-03-27 02:35:36,49.7834,-74.8492,24.8,63,75,11.5
907,Muhos,FI,2021-03-27 02:31:20,64.808,25.9931,36.0,80,75,8.05
908,Biltine,TD,2021-03-27 02:35:37,14.5333,20.9167,75.02,15,62,17.45
909,Margate,GB,2021-03-27 02:35:37,51.3813,1.3862,39.99,74,98,3.0
910,Domoni,KM,2021-03-27 02:35:37,-12.2569,44.5319,80.17,80,76,3.0
911,Jacobina,BR,2021-03-27 02:35:38,-11.1806,-40.5183,67.17,83,100,4.52
912,Bakchar,RU,2021-03-27 02:35:38,57.0186,82.0711,27.55,95,100,9.06
913,Abnub,EG,2021-03-27 02:35:38,27.2696,31.1511,51.8,66,0,13.8
914,Totness,SR,2021-03-27 02:35:39,5.8833,-56.3167,76.98,87,91,12.3
915,Sao Joao Da Barra,BR,2021-03-27 02:35:39,-21.6403,-41.0511,76.03,85,7,7.61
916,Nanortalik,GL,2021-03-27 02:35:39,60.1432,-45.2371,5.65,69,16,19.3
917,Dawlatabad,AF,2021-03-27 02:35:40,36.4141,64.9053,64.11,69,100,16.58
918,Coevorden,NL,2021-03-27 02:35:40,52.661,6.7405,42.01,93,100,5.01
919,Ocala,US,2021-03-27 02:34:37,29.1872,-82.1401,73.4,88,1,4.61
920,Mitsamiouli,KM,2021-03-27 02:35:40,-11.3847,43.2844,81.95,76,56,5.61
921,Steinkjer,NO,2021-03-27 02:35:41,64.193,11.3851,33.44,98,100,1.99
922,San Miguel,SV,2021-03-27 02:35:41,13.4833,-88.1833,76.37,71,6,2.44
923,Pucallpa,PE,2021-03-27 02:35:41,-8.3791,-74.5539,78.8,83,20,2.3
924,Sulina,RO,2021-03-27 02:31:17,45.1559,29.6536,40.12,66,14,7.31
925,Valera,VE,2021-03-27 02:35:42,9.3178,-70.6036,71.24,91,92,3.13
926,Atasu,KZ,2021-03-27 02:35:42,48.6814,71.6433,34.03,99,100,8.52
927,Kamenka,RU,2021-03-27 02:35:42,51.3223,42.7678,32.0,88,100,8.03
928,Bull Savanna,JM,2021-03-27 02:35:43,17.8868,-77.5902,72.91,82,20,8.37
929,Ler,SS,2021-03-27 02:35:43,8.3018,30.1418,81.5,49,100,8.99
930,Saint-Denis,FR,2021-03-27 02:32:44,48.9167,2.3333,41.0,81,20,10.36
931,Makat,KZ,2021-03-27 02:35:43,47.6469,53.3463,33.58,97,100,12.71
932,La Palma,US,2021-03-27 02:35:44,33.8464,-118.0467,61.0,48,1,8.05
933,Gari,RU,2021-03-27 02:35:44,59.4307,62.3497,26.37,90,15,6.06
934,Rio Claro,BR,2021-03-27 02:35:44,-22.4114,-47.5614,73.4,83,0,3.44
935,Jacareacanga,BR,2021-03-27 02:35:45,-6.2222,-57.7528,72.41,95,20,1.66
936,Hihya,EG,2021-03-27 02:35:45,30.6713,31.588,51.8,58,75,5.75
937,Road Town,VG,2021-03-27 02:30:50,18.4167,-64.6167,78.8,73,40,12.66
938,Sioux Lookout,CA,2021-03-27 02:35:45,50.1001,-91.917,35.6,60,90,4.61
939,Mount Darwin,ZW,2021-03-27 02:35:45,-16.7725,31.5838,63.48,90,3,2.57
940,Sadiqabad,PK,2021-03-27 02:35:46,28.3062,70.1307,85.41,19,0,6.31
941,East Liverpool,US,2021-03-27 02:35:46,40.6187,-80.5773,50.0,71,40,3.44
942,Saint-Georges,GD,2021-03-27 02:35:46,12.0564,-61.7485,78.8,78,20,10.36
943,Nouadhibou,MR,2021-03-27 02:37:12,20.931,-17.0347,64.4,82,20,13.8
944,Chachapoyas,PE,2021-03-27 02:35:47,-6.2317,-77.869,52.68,96,48,2.53
945,Codrington,AU,2021-03-27 02:35:47,-38.2667,141.9667,65.26,54,3,15.66
946,Hounde,BF,2021-03-27 02:35:48,11.5,-3.5167,81.48,15,0,5.64
947,Chicama,PE,2021-03-27 02:35:48,-7.8447,-79.1469,71.87,75,36,5.08
948,Santa Vitoria Do Palmar,BR,2021-03-27 02:35:48,-33.5189,-53.3681,68.74,95,100,2.28
949,Machinga,MW,2021-03-27 02:35:48,-15.1685,35.3,64.99,95,0,1.97
950,Lar,IN,2021-03-27 02:35:49,26.2039,83.9717,83.26,11,0,5.91
951,San Cristobal,VE,2021-03-27 02:31:02,7.7669,-72.225,71.6,100,75,2.3
952,Eydhafushi,MV,2021-03-27 02:35:49,5.1033,73.0708,83.97,72,100,11.65
953,Raul Soares,BR,2021-03-27 02:35:49,-20.1022,-42.4519,69.73,89,61,2.15
954,Itaituba,BR,2021-03-27 02:35:50,-4.2761,-55.9836,80.6,83,75,5.75
955,Bardiyah,LY,2021-03-27 02:35:50,31.7561,25.0865,51.17,60,5,5.19
956,Neuquen,AR,2021-03-27 02:34:57,-38.9516,-68.0591,55.4,67,0,6.71
957,Slantsy,RU,2021-03-27 02:33:08,59.1182,28.0914,29.3,97,49,3.94
958,Maragogi,BR,2021-03-27 02:35:51,-9.0122,-35.2225,77.04,84,100,5.41
959,Ballina,AU,2021-03-27 02:35:51,-28.8667,153.5667,82.4,65,40,12.66
960,Awjilah,LY,2021-03-27 02:35:51,29.1081,21.2869,48.88,51,0,8.46
961,Marzuq,YE,2021-03-27 02:35:52,14.4,46.4667,60.31,25,54,6.06
962,Nicoya,CR,2021-03-27 02:35:52,10.1483,-85.452,82.4,54,0,14.97
963,Nantucket,US,2021-03-27 02:37:14,41.2835,-70.0995,47.7,79,0,30.91
964,Gobabis,NA,2021-03-27 02:35:52,-22.45,18.9667,63.84,32,5,9.4
965,Halifax,CA,2021-03-27 02:32:42,44.6453,-63.5724,51.01,93,100,25.32
966,Malanje,AO,2021-03-27 02:37:15,-9.5402,16.341,62.13,95,100,2.48
967,Kaspiyskiy,RU,2021-03-27 02:35:53,45.3929,47.3707,37.02,82,100,18.84
968,Mecca,SA,2021-03-27 02:35:53,21.4267,39.8261,68.88,50,0,7.61
969,Teeli,RU,2021-03-27 02:35:53,51.0333,90.2333,25.11,41,0,1.92
970,Tobane,BW,2021-03-27 02:35:54,-21.95,27.9,65.35,40,2,3.6
971,Pereslavl-Zalesskiy,RU,2021-03-27 02:35:54,56.7393,38.8563,31.77,99,100,3.44
972,Humaita,BR,2021-03-27 02:35:54,-7.5061,-63.0208,74.35,94,78,2.19
973,Tekari,IN,2021-03-27 02:30:57,24.9333,84.8333,69.8,52,0,3.44
974,Deogarh,IN,2021-03-27 02:35:55,21.5333,84.7333,87.98,36,0,3.02
975,Luanda,AO,2021-03-27 02:33:17,-8.8368,13.2343,77.0,88,75,1.14
976,Aktau,KZ,2021-03-27 02:37:16,43.65,51.2,42.8,87,0,11.18
977,Santo Augusto,BR,2021-03-27 02:31:47,-27.8508,-53.7772,69.8,88,0,4.61
978,Gat,IL,2021-03-27 02:37:16,31.61,34.7642,50.0,100,54,6.87
979,Baghdad,IQ,2021-03-27 02:35:18,33.3406,44.4009,55.4,54,0,23.02
980,Ondjiva,AO,2021-03-27 02:35:55,-17.0667,15.7333,65.43,91,87,1.41
981,Afua,BR,2021-03-27 02:35:56,-0.1567,-50.3867,72.93,95,100,4.83
982,Peruibe,BR,2021-03-27 02:35:56,-24.32,-46.9983,74.62,92,17,2.48
983,Aromashevo,RU,2021-03-27 02:35:56,56.8602,68.6375,33.1,99,100,5.26
984,Bahia Honda,CU,2021-03-27 02:35:57,22.9036,-83.1592,75.11,83,61,7.27
985,Beyneu,KZ,2021-03-27 02:35:57,45.3167,55.2,41.67,72,81,20.83
986,Marsa Matruh,EG,2021-03-27 02:35:57,31.3525,27.2453,55.4,47,40,10.36
987,Nouakchott,MR,2021-03-27 02:35:58,18.0858,-15.9785,69.8,60,1,18.41
988,Alberton,CA,2021-03-27 02:35:58,46.8168,-64.0654,33.8,94,100,35.68
989,Scarborough,GB,2021-03-27 02:32:46,54.2797,-0.4044,37.0,85,90,3.0
990,Saurimo,AO,2021-03-27 02:35:58,-9.6608,20.3916,63.57,98,100,2.82
991,Merritt Island,US,2021-03-27 02:35:59,28.5392,-80.672,75.99,83,1,10.36
992,Mogadishu,SO,2021-03-27 02:35:59,2.0371,45.3438,79.59,73,78,15.39
993,Dekernes,EG,2021-03-27 02:35:59,31.0876,31.595,55.4,62,40,13.8
994,Demirci,TR,2021-03-27 02:35:59,39.0461,28.6589,29.03,75,7,3.89
995,Buraydah,SA,2021-03-27 02:36:00,26.326,43.975,66.2,37,0,17.27
996,Puerto Leguizamo,CO,2021-03-27 02:36:00,-0.1934,-74.7819,71.26,98,76,2.66
997,Meridian,US,2021-03-27 02:33:17,43.6121,-116.3915,51.8,35,1,3.44
998,Touros,BR,2021-03-27 02:36:00,-5.1989,-35.4608,75.2,94,75,3.44
999,San Lorenzo,PY,2021-03-27 02:36:01,-25.3333,-57.5333,78.8,83,90,10.36
1000,Birao,CF,2021-03-27 02:36:01,10.2849,22.7882,76.71,60,95,3.44
1001,Kastrakion,GR,2021-03-27 02:36:01,39.7156,21.6181,28.0,89,0,3.96
1002,Ylivieska,FI,2021-03-27 02:36:02,64.0833,24.55,39.99,88,100,1.01
1003,Gwadar,PK,2021-03-27 02:32:57,25.1216,62.3254,76.06,65,99,7.47
1004,Lahan,NP,2021-03-27 02:36:02,26.7296,86.4951,86.86,10,0,2.91
1005,Le Port,RE,2021-03-27 02:36:02,-20.9373,55.2919,75.2,88,0,6.91
1006,Hofn,IS,2021-03-27 02:36:03,64.2539,-15.2082,13.98,68,5,15.79
1007,Derzhavinsk,KZ,2021-03-27 02:36:03,51.1,66.3167,31.32,95,100,14.29
1008,Cololaca,HN,2021-03-27 02:36:03,14.3,-88.8833,73.31,66,19,2.91
1009,Trincomalee,LK,2021-03-27 02:36:04,8.5711,81.2335,82.74,78,75,9.46
1010,Matara,LK,2021-03-27 02:36:04,5.9485,80.5353,81.95,75,100,9.51
1011,Varnavino,RU,2021-03-27 02:36:04,57.4035,45.0916,29.16,94,97,4.52
1012,Prainha,BR,2021-03-27 02:36:04,-1.8,-53.48,73.08,96,100,2.93
1013,Picsi,PE,2021-03-27 02:36:05,-6.7178,-79.7697,70.0,85,27,3.0
1014,Macon,US,2021-03-27 02:36:05,39.8667,-88.9668,48.2,93,1,8.05
1015,Piney Green,US,2021-03-27 02:36:05,34.716,-77.3202,69.8,83,1,4.79
1016,Jacmel,HT,2021-03-27 02:36:06,18.2342,-72.5347,80.6,65,1,13.8
1017,Vestmanna,FO,2021-03-27 02:36:06,62.1564,-7.1664,37.4,38,75,25.32
1018,Diapaga,BF,2021-03-27 02:36:06,12.0708,1.7889,83.89,13,3,11.39
1019,Bud,US,2021-03-27 02:36:07,39.447,-86.1758,48.0,85,5,4.23
1020,Westport,US,2021-03-27 02:32:34,41.1415,-73.3579,59.0,44,1,14.97
1021,Igrim,RU,2021-03-27 02:36:07,63.1906,64.4162,20.84,81,98,8.68
1022,Nortelandia,BR,2021-03-27 02:36:07,-14.4547,-56.8028,71.53,90,10,2.42
1023,Great Yarmouth,GB,2021-03-27 02:36:08,52.6083,1.7305,41.0,81,91,13.8
1024,Salihorsk,BY,2021-03-27 02:36:08,52.7876,27.5415,35.62,87,8,5.79
1025,Pipri,IN,2021-03-27 02:31:22,19.8,75.5333,68.0,60,0,4.97
1026,Hobyo,SO,2021-03-27 02:36:08,5.3505,48.5268,77.56,80,79,11.59
1027,Troitsko-Pechorsk,RU,2021-03-27 02:36:09,62.7084,56.1964,18.1,95,30,6.33
1028,Gilgit,PK,2021-03-27 02:36:09,35.9221,74.3087,50.95,52,34,1.97
1029,Impfondo,CG,2021-03-27 02:36:09,1.6381,18.0667,68.27,98,99,2.55
1030,Bubaque,GW,2021-03-27 02:36:10,11.2833,-15.8333,76.42,72,0,15.95
1031,Ailigandi,PA,2021-03-27 02:36:10,9.2333,-78.0167,79.63,77,99,14.12
1032,Jiwani,PK,2021-03-27 02:36:10,25.05,61.7417,76.87,71,98,10.11
1033,Olinda,BR,2021-03-27 02:36:10,-8.0089,-34.8553,77.0,78,75,3.44
1034,Pirpirituba,BR,2021-03-27 02:36:11,-6.78,-35.4986,73.4,88,75,5.75
1035,Bridlington,GB,2021-03-27 02:36:11,54.0831,-0.1919,37.0,82,89,8.01
1036,Trairi,BR,2021-03-27 02:36:11,-3.2778,-39.2689,74.61,93,100,2.91
1037,Ponta Delgada,PT,2021-03-27 02:36:12,37.7333,-25.6667,55.4,76,20,2.3
1038,Tessalit,ML,2021-03-27 02:36:12,20.1986,1.0114,68.86,13,0,19.08
1039,Svetlogorsk,BY,2021-03-27 02:36:12,52.6333,29.7333,35.33,91,30,4.54
1040,Hvolsvollur,IS,2021-03-27 02:37:23,63.7533,-20.2243,10.0,79,11,5.01
1041,Khorixas,NA,2021-03-27 02:36:13,-20.3667,14.9667,65.14,58,24,5.1
1042,Pitimbu,BR,2021-03-27 02:36:13,-7.4706,-34.8086,75.2,100,40,4.61
1043,Belfast,GB,2021-03-27 02:36:13,54.5833,-5.9333,37.0,87,75,12.66
1044,Hambantota,LK,2021-03-27 02:31:18,6.1241,81.1185,75.2,100,75,3.44
1045,Monrovia,LR,2021-03-27 02:36:13,6.3005,-10.7969,77.86,91,6,4.16
1046,Mancio Lima,BR,2021-03-27 02:36:14,-7.6142,-72.8958,72.3,97,84,2.1
1047,Semirom,IR,2021-03-27 02:36:14,31.4167,51.5667,48.63,56,31,20.38
1048,Urbana,US,2021-03-27 02:33:46,40.1106,-88.2073,46.4,93,1,6.91
1049,Qeshm,IR,2021-03-27 02:36:15,26.9581,56.2719,69.8,83,100,4.61
1050,Iaciara,BR,2021-03-27 02:36:15,-14.0958,-46.6317,67.68,68,25,1.03
1051,Areka,ET,2021-03-27 02:36:15,7.0667,37.7,58.87,27,10,4.38
1052,Meulaboh,ID,2021-03-27 02:36:16,4.1363,96.1285,80.56,75,96,1.77
1053,Rafraf,TN,2021-03-27 02:36:16,37.1904,10.1837,51.8,87,0,4.61
1054,Parabel,RU,2021-03-27 02:36:16,58.6978,81.4825,32.23,97,100,10.31
1055,Wajir,KE,2021-03-27 02:36:16,1.7471,40.0573,75.43,76,75,13.65
1056,Drakhtik,AM,2021-03-27 02:36:17,40.565,45.2367,26.47,88,100,5.93
1057,Znamenskoye,RU,2021-03-27 02:36:17,57.1281,73.8282,31.98,96,100,6.6
